-- phpMyAdmin SQL Dump
-- version 5.0.2
-- https://www.phpmyadmin.net/
--
-- Host: 127.0.0.1
-- Waktu pembuatan: 15 Okt 2020 pada 08.54
-- Versi server: 10.4.14-MariaDB
-- Versi PHP: 7.4.9

SET SQL_MODE = "NO_AUTO_VALUE_ON_ZERO";
START TRANSACTION;
SET time_zone = "+00:00";


/*!40101 SET @OLD_CHARACTER_SET_CLIENT=@@CHARACTER_SET_CLIENT */;
/*!40101 SET @OLD_CHARACTER_SET_RESULTS=@@CHARACTER_SET_RESULTS */;
/*!40101 SET @OLD_COLLATION_CONNECTION=@@COLLATION_CONNECTION */;
/*!40101 SET NAMES utf8mb4 */;

--
-- Database: `teschat`
--

-- --------------------------------------------------------

--
-- Struktur dari tabel `account`
--

CREATE TABLE `account` (
  `id` int(11) NOT NULL,
  `username` varchar(255) NOT NULL DEFAULT 'user',
  `telpon` varchar(255) NOT NULL,
  `email` varchar(255) NOT NULL,
  `profil` longblob DEFAULT NULL,
  `online` timestamp NOT NULL DEFAULT current_timestamp() ON UPDATE current_timestamp()
) ENGINE=InnoDB DEFAULT CHARSET=utf8mb4;

--
-- Dumping data untuk tabel `account`
--

INSERT INTO `account` (`id`, `username`, `telpon`, `email`, `profil`, `online`) VALUES
(2, 'test', '12345', 'qwe@anu.com', 0x89504e470d0a1a0a0000000d494844520000011f000000af0803000000f3342abe0000010b504c5445ffffff333333679e633f873f2c2c2c4f9b437f7f7f529f444c974257a64664b74959a84655a44554a245509c435aaa465f9a5b7878785daf472727276969695a975562b549489241939393555555ebf2eac1d5bfb8d0b7468f41f3f8f39cbf9a1c1c1c64646467bc4a1818183e9637898989a7c6a7121212f5f5f5c7c7c72222223e92393e9836e5e5e56ea26a4949493e9e333a3a3ad6d6d6a2a2a2eaeaea33843286b183d4e2d3b4b4b4a8a8a8cecece999999b9b9b991bc8f444444dfeadf3da33100000091be8e91c58cafd1a9cae0c650a739599e5177b7686ea96769b55454b0347db2769ac295bcdbb58bc77aa6d29b21841b33a32391ca8b33aa1fb3dcae2b991e287e2861aa53b83a6fc700000d9749444154789ced9d695bdb481685bd88405805c240bc0a6c6c2383582db339269d0eddd374329dcc4ca7ffff2f992aa9b454a9aa74258bc7c6d2f9642742965edf3ab5dd2b170a6f5b571f3f9cccfa1ae659bb9aa27fb89af555ccaf76956251d1dfddccfa3ae655984fb1a8190fb3be903995c3a758348ab7b3be94b994cba758d43fdecffa62e6503e1f6443bb67b3be9cb953800f22641cf7677d4173268a0f326ae56ed657345f62f820a3becc47430185f814955eee42bec27c8adac1ac2f6a8ec4e1a3bc9bf545cd91723e72e57ce4caf9c895f3912be72357ce47ae9c8f5c391fb9723e72e57ce4caf9c895f3912be72357ce47ae9c8f5c391fb9723e72e57ce4caf9c895f3912be72357ce47ae9c8f5c391fb9723e72cd96cfd5f5f59c67434ccbe7668a64869bedb661b4b753c90d6d7e5e5bb79a699ca95038d9def6729ea7e373b66b18e749f3a71f340d7f9ca65d273c4140bf3e3fafad7506dde9cf54383b6c2b4afb907cefd3f0e91f18383bb89d282deff1d2703fd0b89c3245fdcb3fcf5b6b6befd7573abfd5a63b53a17facdb4414dd49a59b82cf6d91dca162c4ce8839fbd00e7ea4f7752551f5f7e7ad2dcce7fdf2cad2e9bfaac9cf5428dc199a7b4d9a8653e912f3b93ad7fd3f3194c73857d17fd7633e56e9bd4b98f9d8fcfcb2b343f8ac2fad2042e3c43674e2c73489eb93301e109f9b6de60ef573784774ad69e14f75beaed8fa75ef79c7e7b3bc8200753693d9d0d9a11e4a3634c2170ae1f36084ee50d1811dd1c947de87e28b89eff45ffe78d9db09f0d958c280963abf8de29ec9339e6845f279bce4de21a8233adb6d0b2f23aed357fffdb267e3f1f9e0004280364fff8c6943770a27a613f1b9a2ad3528e36354041cb3c6c37c74ef006e437fbdacaeb27c36366d3e4b9bcba75fc127c231adcb2e2b069fb0b5527f2aef886e79c6434bd3807520df5e8e56397c48002d6d6e763a75201d3ce281e391f2b9d623ee50e90953f0efcf415f92710ea80341c6b3bacae5b3495ad8260a21900d39a3b854f808ad35288d5f0984261350ff8b9c7220e3393a12f0f103687379036043b745b0f144f0e1f47f7cf10a121fe27c498abc1ced2f4447cc67c903b4bc8c08c96d0818d3003efd637823557a4c043c160181179464c0f9edc891880f0b68436c4367bbf2ee4270773c3e77e1118f4c5a3b1001571fe27f49dc20441afdf112c167d3762062413621810df50f62d9b2270e9f7b88f1d0328aa4afefbf830ebc98cbd0b7434e6f1b4f249fa5800561401b179f3936741b37a6bd0b63f99ced26ba43fd104740ff32aeff79d28a0ca0faf3d111948fd7c230a0f5d32fcc3d258a69472c9fdb64df3fee885023bb4ef82d6131eb0293ef03181f06d00602f49d8ea0ab24c6e3de16cde7ea53f21bec9d14b6935f4851d9a5aee4eb60b813834fc082363687b44b6f270eea109f87294ea51da7c9673c180ce2f1f1003586f49cfec3345745f3399806f576da7cd662f0f13bf9957256f80ce2f0f15a58f98df231745d66df2c9f0ee2b31e870f01b412938f7c1a1d878fa64b3b37391f4dbbbbe9cb86d63c3e83d5787c700b2bc7e2a319d7d26518381fa5f7eeeafe50b81c24e7e3ee1048a6665c3e1d189f7d1fd07e1c3e4a1baf84cb963cc07cc81440b09c689f4ac827f8b006e1d49ecb67b007e3e3032ac7e0e34d6bc46b15403e46d19b423e68828f13f261561a05f397109f4ec70fa0a8f6b5ef36b1069c8fa604d666ae05534e101f450fae84de086620223e7a68a5fa8e37dc67f8fc72dab109edc0f8b880ca503e4aef983a28b44903e7135a49e7478071cde5a373162f4e3880b87c3aa48f8fe6e3006a40f968e1b5e12bde71003e9adb3a4666c9ddd1e54cb434a5cfe5731ec653289c43f974065b31f8ec97817c50ac03af2a928f7b44d5aa944aaa3521a762f744dbbb37051e1fe5907725bc9d5c3e9fce00c807036a3480fea3d18d4b0232920f395557554b586aabc9391559674f93cf850b680bc6a7b18fc2a761139a011fcba183019542a7f21e94932e9f536241ab303e0d1c3eb666c1a7e4c9644e15d8e5499b8f43e814c8a7318f7ca85dc2f4f96042a88f7fb37ce8b1df547ce82ee5f3850be8b4dc78ab7cd82c8574f91042a8d3de3a7a437c3c7f0e6f3a80f9f00e64f83c5d1042b8c79e7f3e7effa59253b5c39b56e9f3b9b8b04734ebfcfc04964f793a3eeca02e061f7b748855714688d79f2e39f38634f9fcede0e938436258fc94cbb3e28367172a1efcb8330c6e56c12bf071f09497a17cf6417cf8dbea1f43c741e617de04aa56522392fd52e5f3f4f474f134207cca7b303e65fc0a303f55c2e96ffd63cee413303f55bc2ebc1995409266fff5e3090372f19457807c1ae825647d239487cd4f3a80ac6f44248abd269f7d8f4f7907c6a70ce4c3e4618b920e60eb879244b157e5e3870fba6f201f144003109fc01368c54907d0f567d8b35a53e4f31fcca71cd4da2a884f19ccc74b7f9324ddc1f72fa2f35553f567c4e7c729c5a701e45386f3c14bf4f7922d8758fb5f001b4a357e7ed0e1830689afc0074d02a43927b1f64f236d285d3e03864f19c8a71c874f8462ee2f6bbad486d2e4f35f367cd020710fc66796fbef521be2f1d9851ec8f2d90ff12903e367a6f9098a2eb621ce6df7b809d28fbd283efffb3b8ca7bcb207e2f3932e9c3b9c820f33517b8424ea896d28cca727c8af0e572eb05b2e8d2107d01684cfb014f96580f58959a3380765106a06df86583e066f92efe8844dd60e6d49593fc37cf6017c862df6b3449bc7d1f719cecc065646f1cb48693e1a67121810536514deb29b9861426b517c7e5a9c49e2cd7692b4532fe98492ac682b2827a357cc27fa877ee86469de96e69750236bc8d70f87154195ca55fcda02a1cf822a536c002cde001fceea625867817c22fe966f970da175099fe15052e504a8b70a4a5a670d2c3008d990c7075cc5ed57c90a2a659aac0d89f97c0f190fad03781eb4164e3aa1d4079eab4ddf14e113eb29006e01afb0d26a52a2086deef0f9fc8c2e6f825a87935696c6b9143a3bc3e613f717c6880d492af5681be2c6cf40643cb44e20fd33cf593902944b691add8c301fe0d983b2eb23f8fe43d41afa845676427c0603687965e12eca8602a972518ab0b4f02f1c3df4f462a2c7473c168d9eb44c2e68436b0c9fc1f738e5b9f2a25aaa562bfa5c92dc57a5c729d0be4bfcc36b7751eb6f13d525b44ff3895dde7d26ccc20dd5fa45ea465075a780faef74e5d9d0fa96cf27c9e301d8674bb84af4e3955c1bd2018b89af2062430d8f4f67f99be8d8496d2489ab87b075189709833f547c671467f5c361d53fed46b6ecf0d938fd45f47892915951d54a4bfcf412360f9bced18da7fe417022a04d71a6e935aafcc40184f8ac5ffc2e0a90e6d8d90d572b920dcde09443e91d4ef5642bdf86e25b58daaa231b5a5a7b7ff10f5b46e9a95b0964034a1ea2e4350c1df29802b99c1a4ec4790e9eb1f67538bc58131a4fade4d02190bc945b8e9c864125d227d7e365bb97f8f963e9aa5aff26729609c9c451cd51dd0525b1a1b3ede2656abf53793f07b12357b3458c47ad39ef54e79d64789da51ff1ac3b49dabe2dbb694b521bca8a466e7b0a2e21da694b7e5e5776357143c56406d424a8a436b4f092594db3a546dbd062cb331e7e8c08632b1bf23d4638e3f2bd29733654850547466da8490aafd45294b9f86323eac85acbea4ef598d2b916994ca82a242a02636bf79faa66bdd91c990b3a3a9a441b0f2ddf8608ce527354af4f0ad642fa763541af5427e300d379572b58dd5aa3d0b45ee912672a33c9a886d89093ea8ec2c8aa352b8542f2e700cfaf26f84641c6c3fc9d6343f8250a9bb1692254ad05b4e81a2e0849641c2dfc979808c282aca761835a38613e95c8efbdc989afbacb67d2c27c2acd491a0fb39f3771f84c269391c7a3596b996a0549355b35ea388f4fa16b9bd76411c387c3a78969902c0e3c630d14f551130b9f4fa16e75eb5644e2c71b15878f6dd8f6cb910f8728b09711e08346090b68cdb6647c46153770b0c86b2f4c283e0b2b191fb2fd851a0f52d77206855e0e4ce6f9e0ff0a3628e71f9cd2f442cec72e47a78b41ed0657211e9d793e76f8d000ec3121998ae47c301f7a60886723ead8799d793ea550fb426dceb2cc3c7e1c3eb8319554b33ee14f5e33cf67e22ea5aa25d4c58faa0ca6ccf37102c81b225610a5518051cea7d0aad0f30b4469eccdc0723ea8898d2b2a3d07f3d316723eb646dd315ee0f031b980723e817f9b8c6a2dcbdd1c248b1a391f46cd91bde8ac3a1b5d59e7d34563c110260c88c0cb3a1f13f7e9bcc3733e36028bb7b391f3f1db17f61a76cdddf227f059e743760ea9a36d66640128eb7c9cc711aaa52e2951694eea7626834a622af37c9aaabbad838687f6165870f893f329544d767b07d3720fcef9f80ff4f6675f7e2643ce07bfa95b64fb0b2f7098c124ba9c0f795f1dd5eaf57a6dc4ac2366830fdeb2a1d37fc4f32f4a559c58a52e604614ada63dca09a68f81f89004b2854cd9a0d522a9847e36aa1adeb66045f2a061cf5b78e3b298a4f87a600f902f2fd57e1113a2c2722b4d2b76fe605d8d080c60aafd02c94b8a473d3819f0888fed02ca09174e6e6d8e3b0c14369c9abcc66771550bcc2554537050a6eb08eba61b1b63fe01d571d68c87d1a8659aa6d515c4866b3c952c190f58b56c567e89341a53519469e3096b6455823d94673c79013c56b3e414e7907d40cf78a2261d99913f429e049e54325ef8b50cb83cbf199baa8f2a972fb7183e371e81dc49996d3c799fce91d3c85470dd6ef654b34a666bce8ce7ff0f4737cdf0c103cf0000000049454e44ae426082, '2020-10-15 06:54:11'),
(3, 'cek', '0192929219', 'cek@tas.com', '', '2020-09-24 03:56:10'),
(4, 'asas', '123', '122@gamaim.mail', '', '2020-10-13 13:51:18'),
(6, 'testing', '12342212331', 'wqw@jj.d', '', '2018-10-01 03:56:10');
INSERT INTO `account` (`id`, `username`, `telpon`, `email`, `profil`, `online`) VALUES
(8, 'apalah', '022192982', 'apaan@nn.com', 0xffd8ffe000104a46494600010100000100010000ffdb008400060606060706070808070a0b0a0b0a0f0e0c0c0e0f1610111011101622151915151915221e241e1c1e241e362a26262a363e3432343e4c44444c5f5a5f7c7ca701060606060706070808070a0b0a0b0a0f0e0c0c0e0f1610111011101622151915151915221e241e1c1e241e362a26262a363e3432343e4c44444c5f5a5f7c7ca7ffc20011080500025e03012200021101031101ffc40032000100020301010000000000000000000000010203040506070101010101010100000000000000000000000102030405ffda000c03010002100310000002f280000000000000000000000000000000000000000000000000000000000000000000000000000000000000000000000000000000000000000000000000000000000000000000000000000000000000000000000000000000000000000000000000000000000000000000000000000000000000000000000000000000000000000000000000000000000000000000000000000000000000000000000000000000000000000000000000000000000000000000000000000000000000000000000000000000000000000000000000000000000000000000000000000000000000000000000000000000000000000000000000000000000000000000000000000000000000000000000000000000000000000000000000000000000000000000000000000000000000000000000000000000000000000000000000000000000000000000000000000000000000000000000000000000000000000000000000000000000000000000000000000000000000000000000000000000000000000000000000000000000000000000000000000000000000000000000000000000000000000000000000000000000000000000000000000000000000000000000000000000000000000000000000000000000000000000000000000000000000000000000000000000000000000000000000000000000000000000000000000000000000000000000000000000000000000000000000000000000000000000000000000000000000000000000000000000000000000000000000000000000000000000000000000000000000000000000000000000000000000000000000000000000000000000000000000000000000000000000000000000000000000000000000000000000000000000000000000000000000000000000000000000000000000000000000000000000000000000000000000000000000000000000000000000000000000000000000000000009109109109109109109109b14654626518994626418d90636418d90636418d906364828b8a2e28bc155855655561558556155855682122122122122122122122122122122d97177fa73c18fd46a76e1e3e3a3a9e7f4e16dce75a6cd428dc9349b543064a648c826c0021221221302256426084888b4109155a080424955a084880224426002122000024260000000027bbc2d8efcfda68f2b17ab863c5af4f1fa7a7b1c473d75f534c76278c3ab3c90cb8b34b9164d566442c2ab0a2c2ab0aa4556158bc155a2aab22b1659548aad0445a0848aa491168213001091098112212213002224424424403346696b0338c0d81af39e65d76c49acd91acda1ad9b2cae39cb65c13b165d56d49a8db46a46dc56ab62a981960c4b9291782ab0a2f05162516145e2a8b0aad0955a0aad044585522ab424245561548848848aa442442455683704da40491322266cb4b64d8cdd7b76abe6df26f92de898e7775f9eb12ce92b332562f04162933bdcef3ab9abd261c7b99b33955e8e2d4d28cfbf97216b74ce38cd118a2d92cc317b98632d4a467c4519b1a519f11467c4457bdc5c5c69c9d338ebdfe1f3d519a9bce3b65dccde625d240212484888b0aa46d2d33755844ccad6d6cd2e2cb965a8c94be2f4289f9fbd7daa5eb15e94d1975f72b0d33e9d6c32e3c347a7ccddef316cd5c6db5366b665d7d8d7cdc7b15cba61cb8f265c4e8ebee7ab0ae1af9eb735f6b2d5cfa79f4be2b4462b60d9de736b64c78b9b9bbf87733eaef69e6eee1a49c3eff0003bde8c64e4f57070d6d73fa1a12e4b733a7d33c283dbc80204c0840940e82c9d21695aded9a5ade4b124a9819f1d58b7b62178aaa6d4597a065ad19acb89a5a688bc5465c416be145e71ac5f1cd462cd44c57a634b4e3597a4419b021334ebb2ef719afceece1c71db3958a2abb1809b3871a36b0e38272e18d484aa0109840213001d39ace7ace4ae659b44b41004a04b65caeb32e5ad566bc530efe2e77559ebda6264d88d3bdf670d06c4edaccf92352f4cda531ecd32c2dcc04acc35e1b3da63d2ed73f8dd28e96a75c6bba5a298a27a55cb8e9d72e6c6f53534dbbb32f21b1bb672772db9cef0dd0af4ce8c75309a31d4e66a40dc84888911122124806f5b5ed37b9934d35b8d2c6741ce8ae93984e8d79f53d2ab83e6f5dbb72f369b7a98f4bb67bec17f3ef25306cd62d8d6cd6d2d8b3594d8c56c58a2ba98af8efe89d0d0bd7cd7634adc6d67af7d6c5a97e9f92f4fd19b5f67170de6d2dbd3888a3ae74fa9cbdfde73d71c70d65c35dcac18a716a6c463dbcdc7b7ab4cdae1cf3bceceb64d7cde6e2bee7b3973c75c900010000178221020401121123b3c698c68a46f39188996318ba82f6c436f63986bb79bcfe49aee4710bdd8e7e99d0e6d62f36d6a93afc8335b7a93a77da9b19ed6c56a986b34b998884b45612cac16560bf6b84e77a5ceab52d156e5a220b2b05a220b2a4b2a2502551654649cf926b55b92ba4de9342dbb2ba51d2d84e33b3c0b2316e63635850000000000000000075b9266ea71ba99de6adb7a6f914cd8ae6b1684aa7a672a2d0445ba5672e2d0424562c2a9d8355bba6909ea1ca8910ded2201091091d4c95c99ed1362c4cc9dae1ec614bf678d82e36ce9eb9f1b95dbe597ebf3760d8e1f545abbdcf23167df3878f7b50ed535e4d4dd8b98e93066c3b5532f1bbba864d2ee728cd8f10c98f2c1a1bf9ed2ece3a5e6b570ef64ae76fe2a268ee63ca5b9dd5c660dc8d648c94db35b43b1a8b6f37ec3c81e9f9fbe4cfc3dfd82b83a9cd397d1cf90b790f4fe64aad042442475b262cd9ec94ac480d435f48d705f0acb4ce32d34175065ad05ed885e2a2ea09c98a4bceff00426e751ce4f4be7b04a4465eb2f127b7135cdd8dc86b16494a8418e934b998be3208498b632d54131109317c757c528bd1164aa32e3be22ea416a4880426100ea65c1933db2cd656cac14e2e5d7d71d9f47e73d25cf9eb77f114e3fa0a9c5c5d2db39da1dea1c0e960ed9c18ecd0e7e2e96c16e17660e3dfb549bdb9cb39d65e66fd6b4b2ec0d3dacb84d1dac7bf2f367a38acd7d6ead0d6d6ec614d0a6fd2cb737a1534b0efe632f07b24d3d3efe139fccf45e7a5ee72fbda366b6b7a2d634743bfa66be0f41a89978fd4d739babe93cda88001002742f49cf5cd6c5916dcde8732e7506b965f45e6074ba9e647629ca1dba71c751cb1b7d7f3a3af9b843b98b903b59bcff4a5ee6be367bed5b4c9bee78e8db9837674467dde541bd1a554eaebe954eb69e852e7a11cf83aae54276317320e8e5e4abbbabcb83a7ceac1d27349dcc7c6ca7a2e569613b9afca1daaf1e13abca42802098100df56674be4c32bb38d79799afdc8b9e0f56be86f3f1fd18e9d9c7d0ef6d9c5d4efed1e496a9d3bf7794705d7c8711eb344e3f6b7b6f3d390e94cdf31b58176b176b9b718f53aba4babb7b929c68ebf226b34f6342e799b3bf8d3879fa94399afe87829bbcef47af5c475f21ccd5f4da29cadadee91e4637b4654020b0400101000226004406e89b99895b5f1499ad8af359fa1cbe65e7ddbf9a6b1e9ba1e2b29dec5c1836743adc93d553cf0f4d5f3d53b99bce74a5f455e644e9d5d9e0dcdc8d0997b55e25ecebd7943bda5cfc6753916c32f7b0f271dcf7a9c5aa7a8d4e2d13d3f96557bf5e22cef63e2d4ee5f803bd4e10e971ef8c98802098020104940204c010250375599bb2a2ca8bdf10cdab9729c864cdae7aad9c6626e6130b720d58f45c73559c63eaf4f466ccb873b98cdac5e63ae7262d50c9b06957167b31d33614ac6c5cd37476d384d9e8d71232c18e3bbc74c4afa43cdbb3aa68465930b2612500802100204a00826001041ba899b05944806c7a4f33dbb9d7dae4cdcefe9e393d073f1e81d68e5c9b93a9b26b6ed12edb57235bf81823738bb7a2bd5bea6548cdaf5adcd7d61c9f47e73ac6febebd937f1301d7e5d32266d7c165c954275b81b18cb64e1f4d7afa383453b7a9b5ac6d797ef689cf4c2a244261212222d04244011221221236509a940b20595926b3069c5abac00000dcd7da9ac938d35918c648a0bc5459512812a925025512882502611531049841280dad5836f500800204010000089800000d8134012227d079fa6ee976cf3b87d1ebb1c47a0c15a1abebf19e51e8709cecb5f4137c27a2d439193a958d3bf5e95e7f77a989382ebd65c3a1e8b40e5f4743ba726bdec3679f76702f31dae3c55d9a2721e9356b8b1e8f01c38eff0ca47a7e29a71e9755388f4588e0bbf84e3e7ea6d1e7f25bd21e35dda9ced5f5ba2703a1b5b87989f43e7840002098983666a9ab2b24cd55d0d1ac997d079cce9d5b79f84eb65e056cf431c1a9dcdaf2f9cc7e93ca6ecbdf718be9b5f8b43d6e879fca75adc31de8e1c9e979fc81d5c9c0cabded0e7664f47a5afce3d0f97cf80f57cbd8e09ec39fc8c276edc1eaa6d79deff009d3d76b71301ec39dc8c276afc1eb1b39f538e76a385266f45e4b68ee64f2bb276a9c193d2eaf2709ddf3b9708000898250334d4b654590266a2c9ce6aebf4a139af41cdb346767b079d6d6a89df186f8f7e6b519364d26de23036f11859f31a4cf73563bbcc356767b279b5a086f603046e623033e434db19d3419f21a6ddc66bc7a4f3a457bbcc355b30608f4fe70c53d01cf8f47c6351b7435dd0d630204c000212502f384666119e704ae6611bfdcf31e94cd1cec69d2d6d68addbb9e6e799ed714f5593932743a9e737e362dc9b2f530696e19675f54dfc9c9b1bb3cfd92fbfc9b9b39f8b986a5a0f4dcf8d23a18357219f2eb672dbfcbb265e45f9cbe8a31603a7ca6b9bdb9c8ca74b16aeba75b0ce91dbd5a6a9bb6e741976f5286f61d383908128130000151400000d835db1ae0b946dee1c87a1f3c13ba68cc0ccc779677f9e2ca0b4c0000011221221303b1c71b5aa0891098004488488000892424400000044802a280000cbeafcdfa3391bae99c2aef704dbd2eb720ece0cdb46877742a73ba59b70e06f64c46bdf3e234e77b58d8e2faae11caaa09b50659c76966120044844820940980000010000200800000045491102800009e9f2c6cedf2c6d6bd467c551b19b446dc6a8dbd9e58db8d51b75d61e8f834a9d3c1a62d500004c099a8ba82ca8b4d116545d417505d492502510595165649564940940942a4826000800000000000000000000000000000000000000000000000000004a00001f4b83e6afa58f9a3e963e68fa58f9a3e963e68fa58f9a3e963e68fa58f9a3e963e68fa58f9a3e963e68fa58f9a3e963e68fa58f9a3e963e68fa58f9a3e963e68fa58f9a3e963e68fa58f9a3e963e68fa58f9a3e963e68fa58f9a3e963e68fa58f9a3e963e68fa58f9a3e963e68fa58f9a3e963e68fa58f9a3e963e68fa58f9a3e963e68fa58f9a3e963e68fa58f32f343d2bcd0f4af343d2bcd0f4af343d2bcd0f4af343d2bcd0f4af343d2bcd0f4af343d2bcd0f4af343d2bcd0f4af343d2bcd0f4af343d2bcd0f4af343d2bcd0f4af343d2bcd0f4af343d2bcd0f4af343d2bcd0f4af343d2bcd0f4af343d2bcd0f4af343d2bcd0f4af343d2bcd0f4af343d2bcd0f4af343d2bcd0000000000000000000000000000000000000000000000000000000000000000000000000000000000000000000000000000000000000000000000000000000000000000000000000000000000000000000000000000000000000000000000000000000000000000000000000000000000000000000000000000000000000000000000000000000000000000000000000000000000000000000000000000000000000000000000000000000000000000000000000000000000000000000000000000000000000000000000000000000000000000000000000000000000000000000000000000000000000000000000000000000000000000000000000000000000000000000000000000000000000000000000000000000000000000000000000000000000000000000000000000000000000000000000000000000000000000000000000000000000000000000000000000000000000000000000000000000000000000000000000000000000000000000000000000000000000000000000000000000000000000000000000000000000000000000000000000000000000000000000000000000000000000000000000000000000000000000000000000000000000000000000000000000000000000000000000000000000000000000000000000000000000000000000000000000000000000000000000000000000000000000000000000000000000000000000000000000000000000000000000000000000000000000000000000000000000000000000000000000000000000000000000000000000000000000000000000000000000000000000000000000000000000000000000000000000000000000000000000000000000000000000000000000000000000000000000000000000000000000000000000000000000000000000000000000000000000000000000000000000000000000000000000000000000000000000000000000000fffc40002ffda000c0301000200030000002100000000000000000000000000000000000000000000000000000000000000000000000000000000000000000000000000000000000000000000000000000000000000000000000000000000000000000000000000000000000000000000000000000000000000000000000000000000000000000000000000000000000000000000000000000000000000000000000000000000000000000000000000000000000000000000000000000000000000000000000000000000000000000000000000000000000000000000000000000000000000000000000000000000000000000000000000000000000000000000000000000000000000000000000000000000000000000000000000000000000000000000000000000000000000000000000000000000000000000000000000000000000000000000000000000000000000000000000000000000000000000000000000000000000000000000000000000000000000000000000000000000000000000000000000000000000000000000000000000000000000000000000000000000000000000000000000000000000000000000000000000000000000000000000000000000000000000000000000000000000000000000000000000000000000000000000000000000000000000000000000000000000000000000000000000000000000000000000000000000000000000000000000000000000000000000000000000000000000000000000000000000000000000000000000000000000000000000000000000000000000000000000000000000000000000000000000000000000000000000000000000000000000000000000000000000000000000000000000000000000000000000000000000000000000000000000000000000000000000000000000000000000000000000000000000000000000000000000000000000000000000000000000000000000000000000000000000000030c30c30c3080c30cf3cf3c30c72c318e30800000430c30800000000005f0c830c31338e3be886645a54820321de3392d8ec8e083dffbcb0c3469c20820036fef0c3feb3fa5a4e99a64500fd79cec867aa18f7fbcff0024dd6a296d96b68f7f60da2978e9abbe0f0596c60cd4feff002c2fb20b61a23e5a2307ba32a991e259b256b9a651604b6fb748f03f300cec34ff00cf583ed1d84f02c807a3816dd10819d7c78fbfdd801278b9730393bcf140eb198d4824ad7d633e092a936b719db2dbe3344b9f9e5c08dcb9ce8a3a02ec33493f8d0197114e212dfda803dbe7392527745b36071cccfd7f9e0375be0e631e84cb0c287ed6ebc40a33d9e4503f823e0c804f0c71c7ef69f88a3dfbcfb1422dc61ca60080143e79a3659560d290f33c3edebec7c8ae00000000004300000084c69d7a9e5540382a3192a8efb2b84002ba8124208d0463451c52c420da753ce4c4470340f6aa60b7ac224184c1a8b30830800e20e6c7a0de42c9540d7e48f73a469104e0cdca789255b28e00e1c51cc3c0d9b6d1b1c3732423974e324f39e7e13812a8bd078810030030c007e66ee3a23b74bd3b71b0524c4c8bed6ef047eae041b2c9c02c00410069a20c2091ba3765d4019b0269916023ce14a5b56057e3fc9102144323d93edc6ca9269b499474219374428fc3bd3b82681f41c8020820c2191dba9399d87a38453107442c0288f3b8299acc72d26b685ce34f08ebc2829b8e08e20e6617392388b11a9eb4b239ec820b64cbcf8c20034fef7ce2b2bf3be6c9075506440cc1f85b8825ba08218e5a4e1362063400ea2d9aebb5a3e1e1118715075dc2d926a27aa19698a83896a92413f451271241a35c19d3064137096c99a48698efaa58e94dd6d06e31001438907d841c61d6470cc45f674fe9a29b6cae6b21cfbdf89e79bb28d280dee948b6a823e4c324fe496eab3d72eb1ef3db8e300000040000810c51a9ef8ff8c04f39da09218a4b2a824f3fff000c34c3000000f30614f34f2433c228126e92a8a18e7b20827aa0c37ffec3146000000000420400400408c000108201610920df3ffddfeebfcf344630000000000000000000000000000000000000000430800000000c00c30530c30c30c30c30c30c30c30c30c30c30c30c30c30c30c30c30c30c30c30c30c30c30c30c30c30c30c30c30c30c30c30c30c30c30c30c30c30000000000000000000000000000000000000000000000000000000000000000000000000000000000000000000000000000000000000000000000000000000000000000000000000000000000000000000000000000000000000000000000000000000000000000000000000000000000000000000000000000000000000000000000000000000000000000000000000000000000000000000000000000000000000000000000000000000000000000000000000000000000000000000000000000000000000000000000000000000000000000000000000000000000000000000000000000000000000000000000000000000000000000000000000000000000000000000000000000000000000000000000000000000000000000000000000000000000000000000000000000000000000000000000000000000000000000000000000000000000000000000000000000000000000000000000000000000000000000000000000000000000000000000000000000000000000000000000000000000000000000000000000000000000000000000000000000000000000000000000000000000000000000000000000000000000000000000000000000000000000000000000000000000000000000000000000000000000000000000000000000000000000000000000000000000000000000000000000000000000000000000000000000000000000000000000000000000000000000000000000000000000000000000000000000000000000000000000000000000000000000000000000000000000000000000000000000000000000000000000000000000000000000000000000000000000000000000000000000000000000000000000000000000000000000000000000000000000000000000000000000000000000000000000000000000000000000000000000000000000000000000000000000000000000000000000000000000000ffc40002ffda000c03010002000300000010f3cf3cf3cf3cf3cf3cf3cf3cf3cf3cf3cf3cf3cf3cf3cf3cf3cf3cf3cf3cf3cf3cf3cf3cf3cf3cf3cf3cf3cf3cf3cf3cf3cf3cf3cf3cf3cf3cf3cf3cf3cf3cf3cf3cf3cf3cf3cf3cf3cf3cf3cf3cf3cf3cf3cf3cf3cf3cf3cf3cf3cf3cf3cf3cf3cf3cf3cf3cf3cf3cf3cf3cf3cf3cf3cf3cf3cf3cf3cf3cf3cf3cf3cf3cf3cf3cf3cf3cf3cf3cf3cf3cf3cf3cf3cf3cf3cf3cf3cf3cf3cf3cf3cf3cf3cf3cf3cf3cf3cf3cf3cf3cf3cf3cf3cf3cf3cf3cf3cf3cf3cf3cf3cf3cf3cf3cf3cf3cf3cf3cf3cf3cf3cf3cf3cf3cf3cf3cf3cf3cf3cf3cf3cf3cf3cf3cf3cf3cf3cf3cf3cf3cf3cf3cf3cf3cf3cf3cf3cf3cf3cf3cf3cf3cf3cf3cf3cf3cf3cf3cf3cf3cf3cf3cf3cf3cf3cf3cf3cf3cf3cf3cf3cf3cf3cf3cf3cf3cf3cf3cf3cf3cf3cf3cf3cf3cf3cf3cf3cf3cf3cf3cf3cf3cf3cf3cf3cf3cf3cf3cf3cf3cf3cf3cf3cf3cf3cf3cf3cf3cf3cf3cf3cf3cf3cf3cf3cf3cf3cf3cf3cf3cf3cf3cf3cf3cf3cf3cf3cf3cf3cf3cf3cf3cf3cf3cf3cf3cf3cf3cf3cf3cf3cf3cf3cf3cf3cf3cf3cf3cf3cf3cf3cf3cf3cf3cf3cf3cf3cf3cf3cf3cf3cf3cf3cf3cf3cf3cf3cf3cf3cf3cf3cf3cf3cf3cf3cf3cf3cf3cf3cf3cf3cf3cf3cf3cf3cf3cf3cf3cf3cf3cf3cf3cf3cf3cf3cf3cf3cf3cf3cf3cf3cf3cf3cf3cf3cf3cf3cf3cf3cf3cf3cf3cf3cf3cf3cf3cf3cf3cf3cf3cf3cf3cf3cf3cf3cf3cf3cf3cf3cf3cf3cf3cf3cf3cf3cf3cf3cf3cf3cf3cf3cf3cf3cf3cf3cf3cf3cf3cf3cf3cf3cf3cf3cf3cf3cf3cf3cf3cf3cf3cf3cf3cf3cf3cf3cf3cf3cf3cf3cf3cf3cf3cf3cf3cf3cf3cf3cf3cf3cf3cf3cf3cf3cf3cf3cf3cf3cf3cf3cf3cf3cf3cf3cf3cf3cf3cf3cf3cf3cf3cf3cf3cf3cf3cf3cf3cf3cf3cf3cf3cf3cf3cf3cf3cf3cf3cf3cf3cf3cf3cf3cf3cf3cf3cf3cf3cf3cf3cf3cf3cf3cf3cf3cf3cf3cf3cf3cf3cf3cf3cf3cf3cf3cf3cf3cf3cf3cf3cf3cf3cf3cf3cf3cf3cf3cf3cf3cf3cf3cf3cf3cf3cf3cc30c30c30c35fbeebefbecbecb2dbadff00c75f79c71c71c75f7df38c3014e30d34914bca20a26821674973f639f95805b9e2ebaf8fdff4e62b213531d36d36a4a71cbbd73a7ccc8b15b37eea50303ff7e96d8f4f7acfb972660aff00f4e2462ef4da8b1614afeb5a013471ee3c9c48909e4faf770de030ecd69a8f85a08b385e22c610c82d26d0f73361af9c8ed6143c61b6ebc168e24e19587f9cf47bbf62ddb1138513dfc82f9062aa19e70758e0134e13eba386b128a309adae1d78cd5c459b82de9b52a69605337f883718cc7cda7078160e9066b65b1b1a40df7e207b5c19b9a29ab7ceeeda8c581d55c65d43e86c99f9e056f1325090a6223256a9c3ee7fb2cfee424d400c0f14b18bf091dec35e6e30af7484c94fdc07797200e0c88547a50dc9cf3cf3cf3cb0cf3cf3449bc3baf2db7ad2a3c9cb4efc82f1cadc87db30718b1c904a3c33c024cdd113a26ae1882b077825f150d6f8a7395422c70c33cd38533fb3c05933c5aae75a7e4e97e0f6daab75174631f1cc1c42cb34f07aba7ec7d6dfe058f366aa58eb9b790dae9bdd97c44b2cf2cf1c70c62c86d73da57dbbd0a2c3f0c207b381e4fae675254258554520f28f30be4997f39739e883c436535a3a79cb19ad9208c5d866a76473cd24c19a4ce4431a9c5ba35d74b7e8463fed6a696124cbe5e1a7db4e3cc18e103d1e8c6bd4c6ff00934c33b5cbbbe5326cfe963e70b401d25031c4191bcda4d946904ca7c86d9cbeef899411054bb823be4dbd933c531cf2f10c33990224f097ae4e47a13aeeab9e847f34c6fba2828ac726910e3814fe096cbfc4e2efd45c379fbf7519e42deb296fb6293b69456a2090df08b399a491aa79eaebefee38bfef97dbe878b6c82bbe3e3da5e34d28169245549a32e873ee8e3fd9905141bf619a5aedff004f3a4932b304200da4707943bb33cace26ed63cf933e37c3fdff00d7696f3cf3cb34f34f30a7ba0d97373f60073534bdf678a5be7f33cbff00fc92f3cf3c410c2c70002050cc55a52ec7e7bdef4eefbae96ff37fb1ff00107f3cf3cb3cb2c32c33c304f3cf2c32de2c3ff3a6aaa0a229a0b2f2157df3cf3cf3cf3cf3cf3cf3cf3cf3cf3cf3cf3cf3cb0c73cf3cf3c73cb0ca0c30c30c30c30c30c30c30c30c30c30c30c30c30c30c30c30c30c30cf3cf3cf3cf3cf3cf3cf3cf3cf3cf3cf3cf3cf3cf3cf3cf3cf3cf3cf3cf3cf3cf3cf3cf3cf3cf3cf3cf3cf3cf3cf3cf3cf3cf3cf3cf3cf3cf3cf3cf3cf3cf3cf3cf3cf3cf3cf3cf3cf3cf3cf3cf3cf3cf3cf3cf3cf3cf3cf3cf3cf3cf3cf3cf3cf3cf3cf3cf3cf3cf3cf3cf3cf3cf3cf3cf3cf3cf3cf3cf3cf3cf3cf3cf3cf3cf3cf3cf3cf3cf3cf3cf3cf3cf3cf3cf3cf3cf3cf3cf3cf3cf3cf3cf3cf3cf3cf3cf3cf3cf3cf3cf3cf3cf3cf3cf3cf3cf3cf3cf3cf3cf3cf3cf3cf3cf3cf3cf3cf3cf3cf3cf3cf3cf3cf3cf3cf3cf3cf3cf3cf3cf3cf3cf3cf3cf3cf3cf3cf3cf3cf3cf3cf3cf3cf3cf3cf3cf3cf3cf3cf3cf3cf3cf3cf3cf3cf3cf3cf3cf3cf3cf3cf3cf3cf3cf3cf3cf3cf3cf3cf3cf3cf3cf3cf3cf3cf3cf3cf3cf3cf3cf3cf3cf3cf3cf3cf3cf3cf3cf3cf3cf3cf3cf3cf3cf3cf3cf3cf3cf3cf3cf3cf3cf3cf3cf3cf3cf3cf3cf3cf3cf3cf3cf3cf3cf3cf3cf3cf3cf3cf3cf3cf3cf3cf3cf3cf3cf3cf3cf3cf3cf3cf3cf3cf3cf3cf3cf3cf3cf3cf3cf3cf3cf3cf3cf3cf3cf3cf3cf3cf3cf3cf3cf3cf3cf3cf3cf3cf3cf3cf3cf3cf3cf3cf3cf3cf3cf3cf3cf3cf3cf3cf3cf3cf3cf3cf3cf3cf3cf3cf3cf3cf3cf3cf3cf3cf3cf3cf3cf3cf3cf3cf3cf3cf3cf3cf3cf3cf3cf3cf3cf3cf3cf3cf3cf3cf3cf3cf3cf3cf3cf3cf3cf3cf3cf3cf3cf3cf3cf3cf3cf3cf3cf3cf3cf3cf3cf3cf3cf3cf3cf3cf3cf3cf3cf3cf3cf3cf3cf3cf3cf3cf3cf3cf3cf3cf3cf3cf3cf3cf3cf3cf3cf3cf3cf3cf3cf3cf3cf3cf3cf3cf3cf3cf3cf3cf3cf3cf3cf3cf3cf3cf3cf3cf3cf3cf3cf3cf3cf3cf3cf3cf3cf3cf3cf3cf3cf3cf3cf3cf3cf3cf3cf3cf3cf3cf3cf3cf3cf3cf3cf3cf3cf3cf3cf3cf3cf3cf3cf3cf3cf3cf3cf3cf3cf3cf3cf3cf3cf3cf3cf3cf3cf3cf3cf3cf3cf3cf3cf3cf3cf3cf3cf3cf3cf3cf3cf3cf3cf3cf3cf3cf3cf3cf3cf3cf3cf3cf3cf3cf3cf3cf3cf3cf3cf3cf3cf3cf3cf3cf3cf3cf3cf3cf3cf3cf3cf3cf3cf3cf3cf3cf3cf3cf3cf3cf3cf3cf3cf3cf3cf3cf3cf3cffc40036110001040102040405010705010000000001000203110405121321315110203041142232406123062433425052713473818290a0ffda0008010201013f00ff00dbeb0ac2b0ac2b0ac2b0ad5ab56ad5abfb1d370fe2e620fd2d6db94385a64adda5bb5db41bbfeee4166e31c6c992226e8f94f4f42d5fdb68d97163e43c4869b230b6fb2c6c7d32381867cb89db58de87dda6d6a992ccacd96560f949a1e53d3c6d5abf3dabfb2b2acab2b715b8adc56e28b95adcb72dcb72dcad5f8df85f8dfd95ab53cbc286493fb5a4a835fcb3c07cb8c0452bf687028e4c21e18646871f6be6a3d55873b231dfb5a2302893d6d71a3bade2ead71a2b6fce3e6e9cfaa6e442e7963646970f6b524b1c42def0d1f959ba9b71ce36da73657edbb4d9e27337891a5bded64e7b22c496789cd7ec17c8a87362763c32c8f6b37b41e65656a98f8d263b1c6f8a681b4e918c6ee73801dcaf8bc5a278cca1d4da74f0b181ce91a1a7a1251c88435ae323403d0da6cf0b985e24696f7b4dc881ec2f6c8d2d1d4829b9103da5cd91a5a3a905332217fd12b4ff0082864c2e0fd9235c5a0d80569ba9333206bdc5ad792406df62a49191b773dc1a3b9585a90c9932c101ad85f5769b9103985ed91a5a3a9b59199b180c3b1e6c023757543a7a368b966ffa4c8ff6dcb14471c580f6e4191fc51fa47a05a8e40932247b23631cc99a2c93b8aca823972b547bdb6e6c2c2d2b2dd347160c8db2678784569825f8b2c92c8c48dc3fcdac5943f52c392363181f23ac036eff0095fb411b5e7189958082698fe8e4e31e4e369ece16d6fc496900d851c8cc587548f87b982601ad2790b58e5c23d5180343782080c36165e4c52636144191b8f02f73cd01483637e3e8f24dcc0908256be6f49940e9c91c0c7f8d959b4edf840eabf7aeaa47bdd8fa58796966c75ef276da105c1a644f787b5d90ee84d5764f1c3c2ce8db6236e5804766ace182cd367f8177f3338801348b1ccc3d41d1be3da58cb6c649016249890e6cee806e60c304b5a560381d42073191303e179218493ff658b0471c5a64cd6d3dd94413f8b5fb43b6b08487f48ce37f6a58f2e3c18faa96303e333b4017439a8adb16aec0230382d20466dab2b161c7d1715d1b69cf7445c7b94dfa47a04a27c1cd0e041160a8f030a3707320603de93f070def2f740c2e3ef48e340779e1b6dc29df9471e12d634c6299f48ec9b0c4d73dc182ddd4f74dc1c463c3db0b0381bba5363c13b409636b80ee8626386b1a226d30db457447171887831369e6ddcbaa8f0f1630e0c85a370a3413b030dcd6b4c0c21bd0523898c636c7c26ed06c0a52451c8cd8f682dec8410ee2ee18bdbb6ff09d878af8db1ba16160e8290c5c7018044da67d3cba2f86836bc709b4f36e15d547878b1c6e6321606bba8a52604431a58b1d8c6170ecb4cd2258277cd9063b2cd9b5828528f070e375b21634f7010c5c6018044da69b02ba152c314ccd923039bd8a6e1e28639821606bba8aea998588c6b9ad8580385115d53a085cc6b0c60b4550f40947c4a1ad69e6511717e62edbd3dd4bab60c53f05f2d3949abe0c73980c8789cb901dd616b7189b223c9968f1b6b39276a388de35bff855bff16a7d5b060d9be43f30b1cbd94facb23cfc585bcd92b6ed3b56c26e4700c94ebae9cad4bace9f0cae89f2d39a68f259939660cd346ee62325a5616a513e181b249723a3dc543ab614ef7471cbf351a5166b9df0bfbd83be523a7d5f85979906247be67d0ba0b4ed5c4a73a5964fd28dff0029af6516af832c32cad93947f558a21626ad8597298e292dd56b2f52c5c32c133e8bba28f5dd35ee88366facd0e49fa9e2378f727f06b7fe2d4dade9f0901f2f32d0ee9ec54dab60c31c2f74bca416da176b2756de705f8d27c924db5c8ea98622924dff002b1d44d7ba6eb180ec67e4717e461a758e61626763e5b5ce85c4806aebcf4b6ad8b86b86b862932374a1f0470bcbce6d87572a07bac8c19066e4c5289aa491a5bb5b60ac0c3dbabe639d19a11b03490a4649fbd40319e5efcb05aedbec166b66825d42330c8e33319b481d9671cbdad88b5ed67c38db4cbb3d9471c9149a3c8e85c408f69e5d0aca765cd934f6bec640a686f2aef6b231a471d60f089276ede4a663ce885bb4eee0557e6969f89978cddaf6977c4c140d7d27b2d1b00bb2211289c3a26bac16d342c3c5e243a5b9ac26b2a4dc47b05fb450bdadc494465ed8e605c00b50bf21b8fa949142e6ef94502df650c53b9ba99a91dba0144b6ad6240f66a3a691190063538d2d4a273f56d3cecb680eb4715e305d509ddf1a0f4f6b59e258a4d4e2e0c8e3335a5840b0998cf39331311af810058f74c6be01a5cb242f2d6c4f69005904a6c13e469f82d8b7349ca7f303e9b2849978d8071831c0c7300e786d92d3fcc170267e0ea9f2c8fdd23082e6d12992b71a1c5670cfcf4390e9eae1e1478a240c24ef90bcdf72a9505b5bd96d6f60b6b7b046369f64610b828445358d1eca58f891bd9b8b770ab1d42c2c48b0f1d904765adf73d4da70045145a01e8801d950e4a85ada150543b2cfd35b9819fad2465bd0b0d2c3c28b0e06c31dd0f72b68eca876543cfb96f5bd6f41c50b55eb481007c0788f5dc41a518b0572f5cafe643c83c83d03e20594d143d2325141e0ab08bc05c5fc23238ab77756505cd73f0055f8dfa07c58caf49e511f3144591fe15223939340a41a296c0b605b4221522150447852af39f02132afd271a089b36b71b256f2296e2b71e683a96e34b7141c502ad5ab567c2d5ab57e8f4284883afd07d92b6a228d22d161102906f308b79ada83792a442a54abd33e07c6933cee34b72dc158dd6b785b82dc11f656ad157e16afc47a74a95268e63cf22a54836d6d5b56d5b500a9578d2a55ea1f237cd61137e079a080e5e03c2fef1c7c6bcbcfee8790f555e14a95228792bedc790856ad5f85f8df85f85fdb0f2955e4af46bd6a54a952a543ca7d3a543eeebfa657f57a55ff00c15fffc400321100020202010303020405040300000000000102110312210413311020513041142232422343526171054050816290a0ffda0008010301013f00ff00ddea4d9a4be0d25f0692f83497c1a4be0d25f0692f83497c1a4be0d65f06b2f83597c1abf8299ab2994ca6532994ca651451457b3afea9f4d8768ab93748c9d6ff00aa6396db6d1d9f15f074b9fbf82192bcaf6c3f52f757b28a7e94515f42be87fa874d2cf862a3e63252a32c3ad9e49286192b6fcff73a3c2f074f8f1bf2973edc7fad14514514514515eb451457a515f57b71f83b513b513b503b30f83b303b10238229d8b1b1626764ec9d963c4cd19a8d145228a35451451451451451457ad7b68a352189c9a3f098d5d4b942c5c5d1daa8c5a46afe0a66aeae849bf08863daff00b21e3fec2c1b4926a89f4eeda5cd11e9e525275e0d1b7491db9ff4b34937493b349375ab3495d53b1c249d38b1e39274d31c24bcc59db97169ab336078e6d536be4517274919b0382c7f324384d3a7176430dbfcd6957ad1457a24509118591c69104b68ff0091f2e6aab8f24154526fca22da8e3af9214dc97c3b3256bc7ee63550927f061e36e0a7194f9fda5393c7fe0979c7fe48c5ed377f73ef952f830412ca99bcf44eff007d09252ccd2e6d7836e7334a9ea2e72e36fcf6cc7dc79a3dc5f674369e4c49a776f966459258e2a5e7b8665fc295b6ea4bc9924dbcd1fb2c68e8ff00995e75e09c6739e04dd3d5b25faba77cb7b3f263c929f55913fb2950fcfad97e9451180a3eae527f766d2aab2df1c9b3e792df06f2af226d7866cfe4da5c7239c9f966f2f937972ec4da76869b5e4729a77b3b37973727c8e52b4f67c781ce6ddb93b3b92de329b6e8cf9d4a0a30bf376c965c9254e4cee4f97b3e551194a2ee2e879725a6e4ed0f2e56d3737c0a734dc93e5fad7b1344622f676a75742c736ae8edcaaeb82589d45c57d8d25c71e458e6fec2c6dc64fe0edcaae858e6d274455cd27f24a0d374b8b1e29a56d0e1fabf2f84463293a466c3c4125cb27832464935e49e1c9056d704314f25ea87d3655771f07666f5e3cf823d36597297de85d3e56da4bc7921d357714e3ca8da3f0f9364ab963e9b2ac8a1af2fc19314f1b4a4bdea68596287d4247e291f8b43ead8f2eb52724976c8f529e284938f0b9b64fa95d9872bcb23962e3196ca94484e12d1ecb821285b76bc8da6b273f723aa8f95fa44d7f0b915777fecc9921e6d2a6755d56b06e0e34dafbf264ea1c659f9fe5aa3a1ea165d93e1d0d46f1a6fec4e93c5e3f519249e2cbcfef30c92c39791645ddf3fcb316b28e17b25ab7639a508f3fcd1b53efc5495ec8738c32e4dbfa11ae39e6def871e158e5059707295458e2e729bbf03f7516c77eccd9a5935be2951b9bb379fc9bcff00a98b24d789323d5668fee21d73fdc8fc726fc13eb211f1cb32f513c8fc91938c93f3466cd2cb373918a6e134c864da29a252744a458e46ccb662ea1e3be13bf932e69649eccd8d8d8b2cb2cb2c589b16067e1c5d3a1e1829512ed455a2526feb74993f6b272495b2431fbabe8462514628648b96d2bb7c1d5cdc271a7cd16dfd7c4ea686bf81b737649bae6eece5a8f27f2cbe19e5239a2f8644e79e45ea8af58face71845c999b23c936fe963e8dca29b7465e9a707c2b476b27f4b3174d29be783f01cfea23d2625e50b1635e228718d55128abf06a8a452290e28a5e948a291c7ab5e907e8da4ad9d4e7791d27c2fa5d360724e6fc2369bc78e4eb96884e714f9f39287965a3e55ecd18e7b64c4dff4b32e59c675e23f277e7dc6978ba1679dcb63bf9356c797273e38629c937fe4791dd109354771f2464ee99b5499bb14dfdcd84fc8b95ed4c8be0ea5cf4e3e961c4f24d2fb10c7184355e0edc358c7ec87860eff00bbb3b18ea85860b5afb13c5093b63c50bb3b504ec78e34d1a2e4d236688d51a44aa3546a289aa29155eb7e9646471254c9f4707e1d19713c6e9fd0e9e51c78eeb96e8efad14b5629a70d978a239a6f1e477cae510c92d9df29453279ee16b869a21914d37f047337e78fcd43ccdcd25e0792efe6884ad1bf2ecdd0a639f284ed7b1fd14e8523ab8b752f7e1c4f24a90b034a3e3cd8f04ebcfdd9db97674be68fc335752f2a98f04f9fcdfb6858254f95cb4423a39ff7638baaff00cac5095a3b6c84753477fdacd5a66acd5f02e15165fa596596597e9659b0a4669de36bdfd252e4ee2f91644fc3279d468eeaf91e6e381e5a1e54c94fc9bfe5b1ccd8dec72a46e6c8b2c65fd4cabda936e91da9df831c1c74e39b625276ebec638d4bc7ed277bbe3f721db9dd7dc4aa1e39b24af5145da1276c517abb1ae3c14eff00ec49d924e849db127562f5af4af759659637689797ecc11fb966c6c59671e968b2cbf65af45c7adfb5fbd3b24e9364bcfb13d521644cdd1bfe5b5f06ee8d9119593952e18a5e0d909a66c8d91b213b2cd90d965f237e96362f759c0a91256aacc8b9f6425748d0d3934a5c1a9af228d335546bcd897025428f93535a23e19a9af035c097057ad15eeb2fd6cc8fdb095a3646c8d91b1b236362cd8b2cd9168b2cb2cbfa5b9bb3b86e8721b4d7b627273473473ecb7472735e8c4362ff006e85245a36458ffe15363932d89dff00c45b36362cb2cb362cb2cb2cb2ff00f82dffc400481000010401010406050b03020502070100020001030411120513213114152241515310163271a120233033343540426172812450526282062536439145b044606380b1c1d1f0ffda0008010100013f02ff00df24c2c2c2c2c2c2c2c2c2c2c2c2c2c2c260cadd3f8add3f8add3f8add3f8add3add3f8addbaddbaddbaddbaddbaddbaddbaddbaddbaddbad0eb43ad0eb43ad0b42d0b4ad2b4ad2b4ad2b4ad2b4ad2b4ad2b0b0b0b0b0b0b0b0b0b0b0b0b0b0b0b0b1f45142729605936ca7ef9149b30d9b22594ececf87fa38ffbf6cf161899fbdd3c7ae7612e1d9ee4e05db76e42eb688b348c5e28617284e467f65f8b292a100f3e3c387bd3d299a362d2f972c695d1a7d7a376fa96ec9a4d04d87ca9eab45a9b79926eec20a32bb64bb3c59bff0028a9cec005a72c4fc1745b1ab4eedf29d9d9dd9d47fdfa91fcdc6a62c5b1ed30f63bd749d212873d4fcd5f2cb82a7384323eb6c81360990de6c913b717998bf86417ebc4cccdacbb6eef9fd53de89dc87b5a5e3d39ef6ef53d819278c99b80b337eaf853dd84cb5b4927367d2ecd84d76b8be5b5be65d6f951dd8c5a3ceae0e5ff00824f7a318b761ab803b313f3e2fe88fbff00bf413bc6ff00a22bad2f12345681bf5466e6597fa38bbffbeb82ddbaddbaddbaddbaddbaddbadd3add3add3add3add3add3add12dd3a11c37a70b0b0b0b0b0b0b1f271fdf30b4ad0b42d0b76b76b42d0b42d0b76b76b42d2b4ac2c2c7f77c3add1ff008baddbf82d0b4a60fd163e8b4fe8b0b4a705bb74e0ecb1f857026e6df23413b670ff0025809db2ccff0086c260508fce0fbd4d33c64cd8478920d584ccefc993810f36553f32702cbbe94ccefc99697ce309d9db9b27126e6c980df90a7676f43013f264ecedcd91fd9993810f365cd3c66dcc555fad5607e7896e0df90ba78df38c29eb37470d31f6bbfd031997b22eeb732bb6743e10c521fb22eeb0ec86290fd90774ececf8765b9970cfa1f8a388c3da1764c2e4f8664504a0d920764cceef866470ca0d920764cceef8664f5e667c6ecb2885c5f0ed874d5e676cb46f84ded32da404410b0b651c660fda176f4045249ec8bbaac2ed425676f14c2e4f8664704c0d9207642066f811774d04cf9f9b7e1cd579a50af20b44eede3f84c2614c2b0a3f6c7dea56873db52fd5763d950c842cec229b59c65ac554fcca399de4d38e0bd8b3fcad1fd4fc54c3aa4076ef569fb6cde086599d9b482b3ec8bf7fa1f5b00eed94d239619c70eb569ae2e98b790965446e2fc072a3790b3ac7828384cea6fae2f7a69667c60382b3c0c4bbd4d21342cedde9c56cefcea0b2472b861b09ecb858dd88b69caba0dd207f55314b1300c40af8e618e476ed292578aa464cdc78223dfd2222654598203931c5758e4498c3395b3c5b4cb2638f728249a5d632c7c30a846cd3cbfe955ed94b65c1d9b1dcad3e2e1be33c5059b864388702b690b35807f1572c14011b8b3655c7ded1191db8fa00fa3501316e282679a9484edc78aa731c46fa63d4eeab9d8975b4d1e1b0b67362e1b7bd5abe71c87180b2a3f629bf9fc063d184c298563d31fb63ef56223326c32d3bbaeecea2cb41d9e68379a0b5aa9f9943f5ea7fad74e5f37aff00d2a0ed037e889f54bfca977ad8d1c959ceec73e8609c19b4be54ff0054dab9a3fb33287ea0956f64fc544f365f5a87ebdd187f50d9e4eea479b5f6792b7cc518b9c0384eca93635aaadfd4ff00e549f6dff72bbf688dd4fd21f4bc4ead748611690b2ad7d8a3fe145f779ff2a976eac81de8767cb8272e185b3dfe6e5167e299b683eac9630b6717ce4b9e6eab55942c913b705817da7c7c548573a4605bb0b69fd747ee5b53eae152fdd83fc7a343cfb384439a8a238a8c825cf0eb667d4cae3edaa8f6dc8f7dc950fb6c9fcabbf6993dea87d866fe7e9b1f218530fc967c3ae912ff0092290cb9ba190c393adf49fe484c8393a62267cb277727cbad65a74e7821321ce1fd1be9318ca29089b0efe819a41e4e88c8b9bade138e9cf04d21b3619f821321e4eb7f2e7da597ce5148658cbadfcb8f691191f3743298b619fd02641c9d3390bea6e6888b5ebef5248723e49d058981b0c48cce47c93a29a4206077e09a691a3d0cfd940671be45f08ed4e6d87240660f917c23b760db0e6a9c6452f64f4ba8c2cefb3217659593cd93217ef4f76cbb635a96692576737ce14b3cb2b3319724f62578b77abb3e88accd0f0024f72c3b136be6a29a589f20585d3ad6aceb51cf2466e62fc519919391737416668c1c04b83fe030985337f62764edf2f1e867767cb279e676c3c8ff008d664cdf4db9f9bd79f964043cdbe5006b2c29034163e449168667ca387483167d2306b8dcb29dbf01254d15c65d5cfbbf0acc9be85abe418b523afa47533e54513c9ee455f8644b2a28b799e29ebe91777240daabe1157c0e58b2a28b5b3f151c7acb195bbf9cd2ba337f9f1431fcee9756419c739e4a3875b65df0ca48348ea67cb28a1de33f15d1787b5c53f0755feb594c2e53e19491e82c672e9aaf892923702c296371117d595246e31b3eaf44506b1cbbe1086984d94706f5d1526d2fa4f2a0877b268ce13506cbb3c8a689e237174dc5d3ecfc63e73823d9e4ced82e1e2a6a5a23d625955eb6f849f5630ab57df1b8e70a3adae728f5724db39b2ecf27b94b09472685d5bd86cc8ccead53dc00beace558fbba3fe1743c57de9963c1956a6f3339396054db3f4c7ac0f5332a953a46aed630a4a0d1c44452716eefa764cb2b2b52d6b5ad6b78b78b7c8cf149894079a86eaabb1572e38513c31e7e759d532677911c9922e285ff00a5755feacd56f64d56fac75a5ca6766431031b7ce7153fd7ab7f95470e432e5865a44612c3e556f60d567f9c752fd617bd57fad65a5989dfbdd033efdb3e2a61072cbc9857acc6cc1a499dd6d099c2185d5a9b45588bc504827c917d95943f67250c4e79e38650c6004f83caabf6b2fe513bf4eff72da3f5cdee43ed37bd6d177c44a777e802abbe68c9fcad9df572ad9df5c5ee55fedd27f29c9fac39fe7573ed91ff000b69bbef03dcb687d9e14118c956262e4d875b4d8bb0edec2ad51ce37329348a8e38e3ad2b01eae0b6572954c44f21e5fbfe9b5a635bd5bd5bd4f2adeade2deade2d6b521ddbd00de72534d5e0aaf1c67977546d46c0514afc1d1b508a32ed6a75b3678c779ac999149db2f7a82787a2e0c93cb04313e93cbbaab6005dd89f9a03ac07c2441380ce4f9e0e9b70d26ade2989b7b9653144619cf142519c4c2e58598862216255cc580f2eab9331be5d48f932503b348d9524bf3d9675666881c6462647252b3827971fa2baf59e56dcff002b6afd9e057a688e9c4226ceea391c5d569e29a0d2eeb5443190b12ae60c2424fcd47b88c9fb6a0211b24eefc38a731e99ab3c352bc6252b38be7821f6995f900f77a4b2a69637a403ab8aaf20353905cb8f15427007213e4ea2e890c8f8939a82406b864e5c1398f4ed59e1af9abb28bd81217ce14af52711323e4b696371163c54b387411113e3c1453472d578e42c3b72504901d6dc99e3080aac50ca032656cd9630de6a26647ed97bd4b1d66ac2425dbfa7cacacfd04b6217d9c20c7daf0f9195ad6f1d6f096b2f15acbc56b2f14d29b77a1b66c86e78a19c0bbd33b277c77a6905fbfd0eecdcd4d659b922908b9fa2a342f30ef5fb2b69da8a5d011f21f4d69304b2b3e82f959f4e7d194c7b3e401d5d9c772bd6825d221ec8fa33f8dc2c7a32b3f4794d31b77a298cbbd01bb3a2b7d9e08a632eff00a067c2864d4de8ca74ff00d8b0b4ad2b42d0b42ddaddaddad18445f8c88f4926e2de8745fd81816ed6ed6ed96865a19685a19471314823e2eae550866d03e0aed68ab471167da6524b9542b8d9b4111670eadc4d0d99636e4258fc4d6a31cb42c4eeefa8397a613c8fa2b55096198dddfb2c8be4ecfa71d9deea77ecb7c8b34e38aa412b3be4f9fd05589a5b11c6fc89d5eae35ec9c63c9bd3468c76209cc9df20dc3d3d064e87d272da73cbe81996163d385d5d0f47ce78e39ac283eba3f7ab951a59756f447877adbfd90a8def55a4a06f1423449d8b8393aaf5c6bedc68c796782da5f6eb1fbdd6c48a396dbb18e5b4aac3b36cc93566af8d39ed2ad1ecfb216201830f1b7b4a89568e62df4452783329e1ad6684b30d7dd102ab1d31d95bf961d5825b421ab2ecf0b5145a38aa93d20841ba19487f99d6d8ab141303c6d8631ce16c78c25bc026396e2a26d9b25b96a747e3c78aab1ece965969b41c47f32d9b46292c58de36462ee45155bb5a771adba28f92a91531d95bf962d58257e1a936cf0b50c7a38a902853ab5da4835bc8dc5d6d4a90f48a81186963520ece8edc553a371ff257c2bc5b5085c3e6db1c1942d46e3942d49c1b4f025b1ab4273d819058b4aac1b36e4530341a777dfde80285ca5637706878c5f0eb656edb655bde36473c5598ea58d98f622874383aa33538e1e350a5915caf086e258c34ebfcaa76a900c445165dd952ed436f0dcfb94f1c556ab0b8e653f82ab2d608becce67deb68d6880e0301c31f72b1d0ab9c2cf067532da95c21b0da3913656c4ffbff00b53053b5526d116970544eb0316b81e42ee57e084aa05808b43e78b2924823a150a58f5f06c32bf0d707ad380604b9b292944fb4e2661f9b71d49a945d698d3f37a75284ea35a948e1726cf64594f0d7b14a49460dd107a061ad5ab425d1b7ba9bb4e87a3bed387702ecd9e4ea43a4f7ca1387245cc949157afb4080c5c819f93200ab702516aaf1e96ecbad92dfd25df72a07581c9e584a47fcacae4304d47a40c1ba262e4b7f036c812dd767963e81be56fe6d1a35be3d11be258ff72dbc4fd39b8fe465b534e9d9bab977a3e9ad6a2dd696afc119886df67775b62b9c570c9f91f6996c0fb63fec75b23ef3b3fee5b17ed57bf6bad8edc2e38336f7f2e5174beacb7d271ab09bfe9f2fddff00ed1fdc01fb913596ab5ba169d3a7b4ebfe21cef2be7fc16c3fbc63fe554fbfa4f792d99f7cd8ff0072d952b0dbba19c117b2a76daa15e62966011f0f14dff4f97ef4ff00f4f87ef572a9ddad48e276c08f15b589a3b941dfbb0a7a521ed38acb3b68e089a37dbefaf1ff00f9957e9fd2e4dee968b8e95b1bed773f95b0ff00f8efd8b63fd9b687ec75b2e3deecab619e6ea584aa6c6923971a88b8285a76d9b074261d5f996d2d7baa9afdaef5b4fd9aff00b56cc2d10ce5e0a5febaa397e70742d335387a2b37fa96d5ce2a6ae6b6afd755f72db5f5d17ec5b15bebff006a82b954a769e476ed3705418fa013c0cdbdd4afef7ab477bedeae2aff00ddb4fdccb697d829a69c7ab37ff99a3d08261ead79ff0036ef42d8edf3761c59b798eca2e95d5f63a46357a2b43b4238a378661317eef056f77d675318d5f9b0a5fbf1bdeca3607db33eac671d955fa6e67dfe34e3b2b63f6a3b71e78bad9d11475ec8c6c3bf62c2b5d23aaa4dfe35ea50c6f636368076cb3fd037d0599b8f0744666f922777fd5149216351bbe3965d7489f0cdbd3c37ea88cc9f2e4eefe288ccfda277f7a13307c893b7b90c920be44dd9fc728649072e264d9e787432183e449d9ff44f3ccf9cca5c79f15bc934e8d6fa7c3b96f24d3a75be9f0cf04d34c23a5a4266f0ca2333f689dfde84885f224ecffa2692462d4c65abc73c53492096a63267f1cad459ce78f8a39a63f6e427f7bad7269d1a8b4f8772ccda7464b4f8772ad1522ac0dd28e37fced95b5ae436278d838803632a2eae178a56b85a43f23babf677f6e4947871e0ba4d8ce77c7ff94072b3bb891367c1d0bcc19d2e4d9f051efb8b0913679a086c630c64cde194f5e43c6b91dfdeea38de36c09937b9d71e1977744445cc9dd6a2667c13ad663c89d934920f06376fe539196324ef8444658c93ba2222f689dfde848c7d9276f72792476c39be3c109987b24edee4f248ed873276f7a7337666727c377273376667277665a8b4e9d4f8f05a8b4e9d4f8f042440f91276f7279657ce642e3fafa065943d9909bdceb516ad5a9f3e2b59ead5a9f578ad67ab56a7cf8adfcfe69ffe53110be59dd9d34b2093931933f8e53cb2bb3b39961ff542663ec93b7bbe81be5d99b4b6197132fd5d4919c65831767f48452499d00ef8e7f80ad070cbadd70d5a3829e0d6dc13d693c16e24f04d5e47ee4158c8b184d59a2e0e3874e23e09845bbbe53a7f43466e2e4c2f8f1f9071987b42edf2b75268d7a5f4f8fd06ea4d1af4be9f1fa464df2659580519b93e553fb543fbd96d3d9962d5c720c63437351529a4b2f5f91a8684d2d838071a856c61701be2fdc3850d19668e4978300f7baa9b36c5a1720c30f8bab74a7aa4cd2373e4e87625b2d1ece09b3956aa4d564d123286192691801b24ea5d8b7238dcf83e39e14546596bcb3b634873414a53aa761b1a4554d9766d06b1c30f8ba9a858826088dbda7e0eb6becfd356231616d0dda53d296182294b183e4ac5296b844658c1f254eb3c86cbabe66cb70e0b137447e5a328aaff0044dc1b573cadc16e77bdc9eb9342d2f0c3a8a94b20eae0cc9a228a71126e395b4feb87f6a0029098479a3a1388e783a86bc933f654f56487dae5e2a3a1398eae0c8e19024d0edc53eceb0c39e1ee5156927d7a7f2a2d9b65835633fa29767d88e2de3e31dea9811ecd94479bbab146680588b1855f67cf386b6c337eaa5af2d79444d95fa72d9922d18e00a5af2c72eec9bb49f64dad39e19f055eac93c8e03cd916cab4d1b9e1b8777a07ee53fdc8a9c81034c58667e4ca1d956650d7c1b3cb29aa4dd2370ed835d4f6fb5cb828abcb2cbbb11ed29f65598435f0766e785568cd6b3a39377a384e1d8e607cf52abb3a7b23a870c3e2eacd49ab16246f77d1b3fc822616cba9e5732f453fb543fbd95b9246db7036a7c6190ffd405fb56cefbe6cfbc96c81d536d11f1775b52366d9f1b572f9b17c16155a9fd1b4b35a78e327e0cb6c30f40a9a4b537712daf2c810d1d24edd965b7f9547ff0042d99686b5a1326cb725d1c2c6f4a9dd2cbf307545bfe5179956fb8acfee5054c531927b651c64fc1996dac354a7a4b3e04b6d91747a7c798ada9f76515b4a3d75e87ed558584e366f15b4643df63570c26fbb5ff72377eae0e3debff4dff723fbb83de9a0d1186f6776f06577ebebada7f5c3fb55499a29989d96eda5d6f04ef9ef65559ba14992d3c78ba96485aa3c6d2ea7cf05bd82708d9e47026411185f8f596af075ae08ed1194effb55226792e10f8705b3a53786de49d51322a76f53e555776d973bb78ad4e5b1df2ff99475b4d7029acb8097265b571a6a61f3faada7218cf5b04edc196d28ce4bb0087b4e3cd568a38edb33da2293c151fbcecff2b66c8656ed3393f7a3f6cbdea846126cdc1bf67565ff0085b618b7b13e7e6f1d9575a1638355870c37064f34336d5ae51be78714067d744da9f086bc936d1b1a24d1a5f8baaa30b416d827793b3c72aa3b8ec9b4edcf29888b61be5fbd4157150649ad38017265b5f4f43a982d4de3f46ce99fd195666cf06f4c126ee603f07ca7db54ca6de9557d4cdd974db44fa7f4ac77f243b6a984cf20557c97b4eaa6d2080ad3e87f9de5fa2a5b40618a68a40720350ed2add15abcf039b0bf655eda3158822882271d0af5f1b215d981db76385b46f8db68700eda070a959e8d3b49a18bf45d6f522d65055d32177ad9fb49abb4a1286b03e6a6dab5ca9cb5e383433f2516d2acf5020b1039e8e4afed18ecc30c611b8e8536d38a6a4d09c3db16e04abed284ab0413d7d7a792b1646608b018d280b4989783ab53b4d26a66c705d25ba2ee71c72a3b60d5f74619f055ed804651c81a854d6c0e068c431c574c84c0779165c559b4d298108e34ab5682711ec609bbd579b7526ad395d3a00d4f1c382755edb46c4063a84958b309030471694d76bb88ef20cbb296e914e32b3634f2645b42af13e8fdb755ae8c3bec87b6ddcaadc18239c5c5df5aad706186607177d6aadf8e1ae51147ab2eacdf8ce068628f48a1bf014011cd0ead1c95cbc13ee74869d0ae5d1b12444c2eda594fb498ed453087b1e2bace9b4dbd6aefabbdd57be115b966707c16782a978609a637177d689f24ee9af0b507afa5f2efcd74e12a5b8317776f6490ed3ae401bf8351072755a769f6a466c0c2d9e4ac6d0af5ed4bf31f38df9955da1b99e590c75349ed321da752319462aeedad951be100491c91ea0253ed380ea14010e9f0516d0afd14219e172d3c95ebf1d88628c2371d1f48cfe826cb296071e3f84ab177bfe05ff0304c50ca320f3653cc534a521737fc133a67f4481ad9155364f193777a28ecc7b50cd26ac69e5faa00d520878be15ad9cd05c8a0d79d6cdc56d0a8d52c6ed8b3c3d1b3a9b5b9f76e58e19520e890c7c1f1e996830508eceaf69f927d9c31d1e9129e1dfd91f93086a242d81c7c92a8e359a5cff0ab43be974670a1acd24e71eae489b04ede88ebebaf24b9f67d255e4184657e4e9e10e8ed26f38ff8fa2e566afbbed67537a2ac3bf9c63ce32acc5b998c33cbd115363a724fabd9eef9162acb5f46bfccdc3d118eb311f1757eab559583567867f14ce99d67d0eccfcd94f00e32cab18d2af4a3f35fb4ad43b9da7a7ffa8cecb6a7ded53f68adb7a7ac9b572c365411ec7b06d00445976f6d6c88b73b5258ff00c59d9475f665a39e2117de367b489b493b783fa2b54e95b36a03f262cbadbc52749107f619bb2a916cd089de70733f05b529d708e09e06c09f729eb6cbad14124a1cc79377aa352ace762731f990e42ba35396bbcd047a34f72186b0d5090c55c86268a39636c33a8ba0e906717277e6adc230cb86e4a31d6623e2e9c849e4afe00b67b62d63dea9fdb66fe506e77e5bde594f1559e291e30d2e2a9e8e8736be5dea586b4955e589b18f44c55fa08f67877238636a03263b59e6b754e1af13ca3973ef5b631f31ee50f563e88f76eeeff99410341b5441b922aa0f62ccf37d58bffe548ece64ecd86f054377d5b2ebf673c55a82a9d269e11d387562bc23b3e19187b4efc5d4f0568a2a7268e78d4b6b941b98db4f69dbb2afd7863af588470e4dc55a822865a7a0719c655be82f6c0661c9136196d0ae35ec900f2eefc533a6759f4451ef6500f1757ad6cc19c46612728f9616d6103929da1f64b0b6ac64d7aa4ff93b2d95b42b6adab5ca4fab3c328cadb5eddf471185b916151fbeacff002b647de567fdc8a9cf234f308f6049f3e839e4876145a1fdae0a7febf650cbff00722e6aa89c5b3233ad031c84fda5b69e47a35778d82cf165b73ea28fec5b04be62c80e3573652bdb6ae5a840594df7747ef53fd86bfbd16f23dd0c31338f8ada7f5edfb56ce0ccda9ff2b20b14f7f9667d4fde80377b45ff005e2cab83c77a462efce156834d89b58f69b920298a19b781a787055fec16141f774de83029366c7a7b94afff002a0f7ab30c93d7aaf1b671cd6d31f9ca82ff00ca2dfc73c611423bbf145f7c8a3b013cf35476e18e1ef52c6514840fdcea88149b32611e6eea48ca0d92e1270772e48e23b1b2e068db2eceb698b854a82fdcb6ac46704128fb2c3c55a824b34ea3c4d9c332da4d89a8b7b96d1fbd2bff00b56dafb6bfed6fc5e533fa00c80b22f8756b539b93f374f62628da3737d2dc9915898c180a47766e4c8ecce6c2c523be9e4bac2e70f9f2e086cce323c8d23ea7ef413cd19b981bb13f7a8afb474268799c8fe879e678da3737d0ddca3b1344cec06eccfcd456ecc4cec12933292ccf20b09c8eecdc9493cd2e963377c7254f547da67c3a39e593da3774f29b8e9d5c3c13ca6e2c2e5c1935899874ef1f08e4337c93e50ca619d258caca29a42767727cb2796472d5a9f3e2b7d2ebd7adf578a7b33be7e71d34a6c2e2c5c1d6f8d81c18b8782ca6b1288b889be13cf23868d4fa7c10da9c4348c8f8524f2c98d66ef8e4ba659c336f497489779bcd6fabc56fa4d7af53eaf14721c85a89f2e82c4c03a44dd994b626971acddd0599a3676091d991cf2c8ccc46eeccba44dbbddeb7d3e082cce01a4647664762637172377d3c91cf299b191bb9377a925390b51965ff00159f4656a5a959fa516e2a3e02b2b2b2b2b2b2b2b2b2b2b2b29c96a59f979fecfc54d46de8d5b92c208e490f400bbbf829a95a81b3244ecca1a76676cc7139329619612d32038ba1d9f70c35b4258514134a7a001dcbc1740b9a1cf725865d0adeeb7bb92d3e2b61809476f239ec2929da8c359c4ec3e2a1ad3ceff351b929abcd03e2407153d6792852ddc7975244713e931c21a964875346f8431991e866ed782e89678fcdbf0f4471492be005dd044e1b366d6382d4a286697d80775247244f831765d16cf67e6df8f255f7d18ce3b8d5e3fa2d49aad9261768dfb5c9744b3bcddee9f529629222d26387414ed18ea189f0a90ff5b10937e6e4b6844e57cc007f85b2a1713b0263c5814952c08b9bc4fa55611ea8b2f8e2b712eeb7ba7b1e2b712eeb7ba7b1e2b6888b51a78652579a211230c33f2f46c48c0e19d899954afbadaad11377ab35e592dd9dd86749ba8a196677601ce1455a799dda3077c29a09a17c480e3f8eaa62162322e4cea5e96645256b204cedec2d8a07bdba458691be09c64e87646cd80932dd9e2a94ad2ecf8e286c34523735782e3dbaa3674bb65b0eddea76b2d681c6c461137e450346db764d18c38aa1767976958888bb1dac32d9b6e69ae5988df21c782d89d9e9b8ee6552ccb67675fde96ac0be16cb0bef01eea418c3fc9d6d603ead8b786c66c5ed3239a4876754d0f85b4bb71562fccea20bb98f5cc2dfe94eccdb5d905995f693c79ecf82b6d8b32fee5b3df453b06dcd34a72ecc95cdf2f954c2e3c0fa24600cf375b4d9fa2c2e4ec45e2af59920ad5f43e323cd6ce3738ad93f376f44f3cb0ecdace0587576d4c152bc82f822e6eb6c76a3ac5deeca18f68621d538037f8ab02cdb621fe14b5f7676671c3c8edd95b1889e4b24fcf4aa3665b11db691f2cccabfdd16fde87ee43fdc8fee40fde86b0cf052d5c85b2afefa6bfbb3ecf1c0fb93ec5266fb446b66f668ddfd15766b2752d3736ec9aaf36ef6c4c2fc8cc990c3d0a0bc7e2f815b382f3c27ba904033cdd6d502eaf8b59319317b5f8e8480641731c8f7b219b65c27bf132cff008aa9b4a30b765e46ec4dcd597d9215cda272337e5fa2ac5b264ae212e6336fccddeb686d084ba38419768bbdd496764da219e52262c711546dd58b68949ec47dca85b822da534a65d97d585b32e410dd9e432c0be70b655cad0159de9702e4ba46cf8a9cd1d7727295bbff005558ab151e8d3138f1e6cad9567a210444fd97ef562788a9d78c5f88f3566d445156d2f970e68e7a3248133c8596ee456a1eb119757650d989b68bcb9ece559904e7909b93baa16a10096297d92476698d3921889f9a86c55929b4329b8e1d5db358aac51c44fd95b42cc52c35c41f88b71542c451433b1bf126e1e8b56623a30462fda1e6ae598a4a95c05f88f357ad452475981f2e3cd4b6284c51cc52133b7e553db80b68c52b1765b08b68b36d1de31663e5fc282c5386c58763ec98f05b3ecc30b59d65ed370542d561826826f64954b353a3cb5e677d3ab83ab566a3d0686177e05dead5e07a958223e23ed2da162bd98a2919fe759bb4cb5178baa76628e9da027ed13705b26f0d632191fb0eac4baae49207f9e596dab198200ef26d4eaad8a8747a3cc6e187ce595cb351e8c70c44ef87ef571a9e98f70fc71dafc71724fcfe8626c32cad4b52d4b52cad4b3f88a9384136b38f5b782b968ad4baddb1e0dfd85d173fa006e3ff00c8746a74a321d58c3654c3a6426f07f91629cd5c63791bdb6cb7c88db87c98837920078be15cadd1a6d19caa353a548e3ab1c113609dbc1d57a7be8269756347a65a5a2a473eaf6bbbd3468f4ad7dac614559cecb42fc38e159877339c79ce3f0acd9766562acb5899a46e6cabc5be9823ce353abb5ba34e516738f4c15269c64206f639fa61a3bca7358d7ec777e07a95ba36bde76f19f4ec4faf93f62a75619e5b9bc1ce9e4b66d58268edb98e743705469d46a6f667123e3c995a1d98d24270bbe33db05b68aaf4587b3c74fcda2a5b361ab5e6959f88f1fd552af4eccb6dda3ec30f656ceab0cb05c231e203c10f2415a90d28a6959fff00ea96aece018ec71d0ff956d1ab000452c3ec9283ab1a306212327e7fa296b0d7bf0b0f277676566a6faf911fd588e496cc789ef49bb1c0e9e086b509da610ceb1ef543851b8a0ad116cf9a571ed33f07435e2eac29b4f6f573524452ecdac03cdc995f8ebc3a628dbb6ded3ad25e0eb631696b0fe0c8a312bd56c07b327ff95bb865dab3048dcf92a74837f637add98d9d55e83990a6cffa455cab59eab59819c5b3c590e353679655ba71b4d5f74dd8915c8aa477023f6419bb4820d9b675c71013130e59d6cca90caf61a56f659745a13d59772cfaa3ef54aad56a8762c365b2add5a8db3c6689b997342da899bc5d1d6d9b5b44728165dbdb5a2a74bc3c8fb9cf3435f66da19021021216e0eb655482669f7adecae8b427a72940cec41dea9d5a8349ecd8677e38657aad40a31cb0b737e6ab7558423bc62337e7fa2b156bd6bb5df8eecb8e16dd78300d8f9cee7fd16cff00b643fb94f16cf96f145233bc84caa518bac6580db2ccceb67d5826b5600c72c39c2d91d1da0b4da793f6bdca957a966d59ec7619bb2b6755866e97ac73a5b82d9ad1beccb3bc7ece78ab35294b41ec56676d3f80eb1b5b9dd6be1e88a2394d8079bad9b526ac729cad86d2b653b14d6dbfc9b82d9f527821bbbc1c65b82d9dd63156d70e93077f616d6883a2432944d1caefc5996d788cea54905bb220d95b5feeea1fb56c0e25643bdc382a3527af56fef071917c20353fdcf07bd5afba6b7bd5efbbe9a2d70340305712676e24b687de157f8535b8fa574621e063c5d6ce81e0bf283f8705b2bed16bdceb67b39d7b80dcdd52022d9f6626f6f5724511c5b20c4db0fa905a6adb3613c656d28d98e3b40dd92e3fcaeb93f2416cb7c85b7fd16c6984db727f95f50ab923c5b4ccdbb8d5f308e9c863ce6c2a00c34a4942263932ae1485b2f32030be797a367104d56322e70baa7a2ced227938b3e5d5639de7944ab880333e1f0b65f3bdee75b2becf7bdca18ca6d8e401c4b57256a338b63c626dc75216772666f151bed0178e29611903fc9055abd6c6186c30e74feaaac93bc9331d760166e0f85b23d9b9ee5b2bec573dca28ce7d8ba236c9313f0fe55e8ca3d9100173674e255eb57e8f5c4f53717c2db3f5b51dd6dc88df752b37634f35b3fed90fee475277db032e9ec78aac62fb6e6e3cd9d6cfa93c36ec918e19f385b238f4f0ef75b180a3b76223e05a56cfab340d75e41c65b82a7f73dcf7aadf7258fddf8212217cb3e1d1dcb263a4a52764d21c6fa809d9d15fb8fab33171e6a1b5621fab90854d62699f321b97bd74ab1badd6f0b47823b134822266eec3c99472c9116a02767457ed96accc5c5b8fa06cca51b46e6fa5bb93cd2903039be96ee4534a402046eecdc990dcb221a5a52c229e63262237776e4e8a690cf591bb978ae976756ade9671cd04f2c6eee26ecefcd4734b1be40dd9d0589809c84dd9df9a2b3398b8948eece9e6948181cdf4b772dfcbbbddeb7d3e1e809a58f3a09db3cd0487196a02c3a884ad586623e25deeb6a4a3f330016581b8a8ac4d0fd59bb23b560c74948eede8060a7b3e47de339cacdc1099096a17c3a7bd6ddf3be2413cd1ead26edab9a09e58d8980dd98b9ad981aa3934da78cfc3b96d19423a415f7bacf3977f40deb623a5a62c2696413d6c4fabc53dfb8fff007c9476268f568376cf3413cb189089bb33f35b303543268b6f19f82da9280d48abef359b7374172d00681949994b3cb2e359b9611599ce3d0523b8f82132026217c3b2e9f738fcf9714d21896a627cf8ae9f71df3bf24134b196a037675d226deef75bebf14f7adbbbfcf171433ca31946c6fa5f9b269e668de3637d2fddf847e49fe46977eef92259fa4c3e338f4bb3b73fa77676e6de86677e4df21d9db9b7a78bad24fc9bf1002e64c2dcdd1d59c26685c7b6fdcba1cef36e34f6fc13ecabba48b74f865b1a88ce339491e5b1c3debabecbd838583b4ddca2a93cc46203c479ad98dff2fbfc3b9d0549ce229587b0ddfe81d9970981da3f6b92eacbbbdddee9f2a4865af2689070e83675c38f5b47c1475e5925dd88f6bc1756dcd245bb7e0babedbc5bcddbe1435a69f5681ce9e6a4a16a38f7851f65415a6b0f88c72a7ab340ecd20e136ceb6fa3e6fdae49aace533c4c192653d1b30364c38295bfe4b1fee5052b33b6630e0861921b51848387d4cb6a529e7b2dba0e408c0a327126c3b2012326116cbba9366dc8c35947c1415669f56ec73a79a9285a8e3de147c174695e079b1d86ef5d166dc6fb4f63c54742d4916f0637d2a7ad341a77838cf241b36e186b68b828ab4b2cbbb11ed7822a36463291c302ca1d9f6e70d411f04311c56400c70fa996d4a33cf6be6a3e1a1918101389361d96c1667b127ec51d59a7393763cb9a82a4f393b4639c29eacf5c99a41c2da15259e1a6d1067b2a682584f418e1d36cbbae1af74b676fc2d7cdc6c4587e0eb64e5ed5cd43c74bf0415669de5701e03cd414ac5877dd8670ac559ebbe240c21d9970981da3f6b929ebcb5cf4c8387fa3cacad4b3f26a7da61fdccadfdf50fb990fdfafee54ed4e7b5668c8df4f1e0b6591358da02cfc1b3865b14ce4bf3113e5f4ad91f6abff00ee5b1a3ded6ba1fe4f85b641e1ab04517d4f7e3c7d17eccd0ecea5bb371cb32daf6ec47055703c3bb65d6d7662b1473dfcd58d4d6637e9620238ec28de37db59076767154accc7b4e68c8f23c782a166692eda022c8e97e0b64f664bb8ee65427967ad71a42d5c1501ff00961e991a3773f695d20eaf6029c64362e6b68d99a0a9577658c8ad9465b8b92e7b7e2abcd24fb32def4b5614bf71c5fb96edfabeab05868bb2ceaf946474f12099b3e1dd95eb3347b46b009e078705b69bfad7f72a0139d91dcbe0bc5558e4639b796da4c8f115b1df4b5c76ee675427967a775a42d58641f71cbfbd17dc4dfbd6d09e582ad2dd938f05b4fb762867bd958d4d680ba60808fe450bc6fb6c9c1d9db4abf76c4934c0e6fa7572504377710ebb8d10fe565b59bfaca9fc2bd6a78f6940026ec3c382db8d8bc5ee65b03ed327ec57202abb388617eff9c75405faa9f4cad1bb97b4b68107578814e32189735b46c4d0c14b41bb656da6229ea69f6dd994115a1b11efaeb67fc157666dbb37f2b65b66fdd6f7abf13d6d9fa617e1abe71d6cf86e3d6276b0d1459e6b6a8ffcb60cc9bc762f695eb1343b3e9eecdc72b6df6a0a66fcdc3e9f2b53ad4b528e5d1209783a2da7b30e58a7212de326da3075abd8e3a30aade862da324e59d2f954b68c505cb064cfa24ca82ed6adb44a48d9f74ea3da1b2e1399e312edb717546fc5057b62eefa8fd955ef42f464ad3e7fd0fe8bd7619aa558c7390e6b695d86c435c433d86e2b68df8a77acf167b0cba7ecbb0e12cc0fad9956b75e2bfbed3a438f0552ec316d09262ce97caa576186dcf2167042f85b18db5dc2eec27bf461af28c02fa8f9aa5760180ebd81ec3be55c9a83800578f97e65b42e433c15c033906e2b66de8ebbc8123640f9a9ef528ea9c3545fb7cd457ab3ecf7af28be5bd950dda72d5086d33f6393b2b13d47b113c31e911e7faab976196f4328e748e32b69d98ec58d61cb0b66db1ab6359370c61d4377664124841af24ca85d8606b5af3db67c2a1761820b4279c9b70546f561ad257b0cfa5dd5abd4ca86e21676e3c1749ab2d387a444791f67f55b68f4c95087b8515dd973b8cb303eb66e4aa5caf15f2974e90ee6539b1cf21b727277477767d88a1df31eb06e4cafde8279eb906701cd5cbb0cb7e29873a470b6a598ecd9de072c32d956e2ad3191f78aa3b4000a719f2e122ab76a0c3256999de377e0eaf4b41c002b47cbf322bfb3668e00944bb0cae6d1096e432037663c6115ed96f646cf6f5a8efc03b524b0f9d0ecea95f861b56642ce0f3854b68462d6239f2e12286e522a8f5a6d5862e0ecaedca874a3821cf64bbd5ebb0cd52b4639c8735b46ec3620ac019c80e1ff00b037c8a775eaef7039d6d8fc157db124510c65189b372cab76e4b52eb3fe3fb4d581ec4e1133e32acc0f04c713be71e901d6623e2eae542ab2eedc99f8772a5b24ed45bc6945b8a3d81200bbbcc3cbd0cd976657a895420622cea6cfa72b3e9d4b57f798637965006fccf850d2a15eec20323ef9b8aba119ed590643d23ab8ba1d9fb32c34815e57d62cb656cf8ad6fda4fcaa68367b1431c32391ebc13adad582b59d019c6955ddf7f1fee65ff107db7fdaad528a3d9f04ed9d45cd5aa714105390799e32afc3464960e912632386657a8856b8d16bec3f7a8e86ca98b7314cef2639ad9fb3e39adcd0cbf919d06ccd9f304c114aef202d9db3e09e0b072bbb68ef53ecfa6544e7ac6efa39ab14a26a10588b3c5f04aed286bc157fccf9a8aa6c937085a677326e6ad44f5ec4913fe5759595959fee7b3df1760fde8ab4dd7832687d3cf2ba3c73edb944f973c2a52666981a9eed859fb4b63ffea1ee55fed51fef5ff107db7fd8cabfd7c5fb997fc43f6d6fdaacc6736c6abbb172f72da82e157678bf36c2db7f69a9fb596d08426dab540f938aac42379e10a7a447f3ad9df7adcf712d8bf6ab9ee75b3fec1b47f9547ee6bbef5b174d8af2d53f16265b4086c6d408b3d91c0a6d105d0823a5c3fcd6d28659b694e318bbba76717767e7f219d67fb8b3bb3e5975c5fc0fcef25d2e7dfeff005f6fc53ed8beeff5aa1b93c3bcd058d7ed212712626e6cac5996c1eb91f2e849c5d9dbb958b32d83d72965d41b46dc01a23930ca6bb62760690f3a7929edcf3901485971e4a4bb625946523ed0f275d717f87cea8eed88e53944bb45cd43727808ca32c397351dc9e38e4012ec9fb482dcf1c27109760b9b2d9106e40ae11b30e976c23908a5293bdcb2bae2fe19b7a86fd919ca763edbf37444e44e4fcdfe832b2b3e8cacacacacacacacff0075d65a74ea7c787ff62dd5b47c815d5d47c815d5b47c815d5b47c815d5b47c815d5b47c815d5b47c815d5b47c815d5b47c815d5b47c815d5b47c815d5b47c815d5b47c815d5b47c815d5b47c815d5b47c815d5b47c815d5b47c815d5b47c815d5b47c815d5b47c815d5b47c815d5b47c815d5b47c815d5b47c815d5b47c815d5b47c815d5b47c815d5b47c815d5b47c815d5b47c815d5b47c815d5b47c815d5b47c815d5b47c815d5b47c815d5b47c815d5b47c815d5b47c815d5b47c815d5b47c815d5b47c815d5b47c815d5b47c815d5b47c815d5b47c815d5b47c815d5b47c815d5b47c815d5b47c815d5b47c815d5b47c815d5b47c815d5b47c815d5b47c815d5b47c815d5b47c815d5b47c815d5b47c815d5b47c815d5b47c815d5b47c815d5b47c815d5b47c815d5b47c815d5b47c815d5b47c815d5b47c815d5b47c815d5b47c815d5b47c815d5b47c815d5b47c815d5b47c815d5b47c815d5b47c815eb359f223f8af59acf911fc57acd67c88fe2bd66b3e447f15eb359f223f8af59acf911fc57acd67c88fe2bd66b3e447f15eb359f223f8af59acf911fc57acd67c88fe2bd66b3e447f15eb359f223f8af59acf911fc57acd67c88fe2bd66b3e447f15eb359f223f8af59acf911fc57acd67c88fe2bd66b3e447f15eb359f223f8af59acf911fc57acd67c88fe2bd66b3e447f15eb359f223f8af59acf911fc57acd67c88fe2bd66b3e447f15eb359f223f8af59acf911fc57acd67c88fe2bd66b3e447f15eb359f223f8af59acf911fc57acd67c88fe2bd66b3e447f15eb359f223f8af59acf911fc57acd67c88fe2bd66b3e447f15eb359f223f8af59acf911fc57acd67c88fe2bd66b3e447f15eb359f223f8af59acf911fc57acd67c88fe2bd66b3e447f15eb359f223f8af59acf911fc57acd67c88fe2bd66b3e447f15eb359f223f8af59acf911fc57acd67c88fe2bd66b3e447f15eb359f223f8af59acf911fc57acd67c88fe2bd66b3e447f15eb359f223f8af59acf911fc57acd67c88fe2bd66b3e447f15eb359f223f8af59acf911fc57acd67c88fe2bd66b3e447f15eb359f223f8af59acf911fc57acd67c88fe2bd66b3e447f15eb359f223f8af59acf911fc57acd67c88fe2bd66b3e447f1ff00df25ffc4002d1000030001030303040301010101010100000111213141511061f17181a1203091b140c1f050e1d1b06070ffda0008010100013f21ff00f7330000ede7607607607607711d81de47791de47791de47791de47711dc47711de47791de477915c95c95c97c97c97c97c97c95c95c94514514596597f7800108421084274cdb136f7a0fe9f68f488d6abedeeffbc972cb4647ea0852b2362c4b4e4500c4b723dc5f6ead5aadd6c1ff00c1719d29d8959d86b9c9947dc6f96243fec855e12a174d928ec763f676168469c68ddf727d1084213acfa2109ff050d7c383e7e602c7e80a4b8a5c3903f224f6fd8635fd9af2cdb666065f66525903a34db7ee58c6c713480d6f948d9d913057fe53ba2c37ddd1dbf036dbafe8a108421084210842108421084e9084ff0089141e2bdc991161d0edf6e41084210842108421084e908421084eb084e90842109d27f22cea3b8770efa3be8efa3be8eea3ba8eea3ba8efa3be8ef23be84c9109f64fa1084e88421084210842108421084210842108421084210842109f5427484210842108421084104c208a31d12492351862c6e362fa908421084210842108421084213a4e93ec427da842108421084209da217fe6095ac08a518f4ae8c7d5830443696a0d46a24b3c2a388d744210842108421084213a4fa15ababcaeb04d11cb99f44191925bcfb13a4fb8aba11f4c2c0af03e9a687b18cd6b5d37526958de31b3b8381a462645aa16d631846a74d7d635906259ae0cd35093689514d62427c053f549eb4bd0d48bc083340b0591a28e0384262b16f0b184e10d869a8d0baa0ec8be09f0cd81e8708594e51689be11286e5a2a837c1186ee84a61b7b2115e8da0caf236657cf2823486b718e5b844739eeba5ec6f08828685a26dec888372d1749e1646caabc1a0fceade3fc19d530de9a5148e2d660b1548a416f7190cb18359778701b5834fec3bad823420af0420b1a16b6a6e16a3c61e0550cdcb52ab85728e790c8f840b17a983274032a5c8476a991e247ed1e55670425185fb8fcd6954bfa533830c151fb8940e2292c2afe8cdf65f0265f6c41452d0338cf86076cdc911945fc0c7a85c726c18dc09c28d151ae0dc89da43fcf48a553e451e5150c230f7422bce18108365fb0b005bbee357ffb8fbb084e882ea34bf46302d8136a5c961a977edb06b3adefd3ab1ea1d55bcc83d19662ae83bcae494c04b8337a6b3f5cfdb17225da39b083fe563131410929f8a6b8e25d2b8483f547498d92fd8e8c5359151346ece81f10602f77c8cb85de1dbdb83047bc596c126d9c7ea5a5a7ff009256b8b336ebcbe37edd35c88963d05bb288245e9ec2386a31ea7fa7bf4eff00176fbb3a2744ba0a22fa1886b55d16b3b3688d7e45ec54bbb23c33237fe204c924f5e896146a92e882611ddb0d2b7a039e6073646a06f59ba9a809a1a013b343421e973152ed819a3d768835348d14cce5b2d8d7443766b62a7b0f78e51f634cced8343a2d455976bc773d332d7632d4ad5682a2168151f0edd163813d86d5dad655ae43e67210a6f6bf51cc5d4648c6b29f76109d525759fcfb931fd66842634d6e5f0af51ae909d67484e9084fe070fbca9ff07d49570838afd526e528ddfa1b96535ab7a3344f36337d884210842746e4787e44fae7584fae94b09f55294e681a4b0c1e626e45d083884159496c3fba2ee30adc217b1429c5ee6dc760e48d919a038d3aed1194584153c5ec11b13dba16aed0b4291114d37b174f66390d43c6ceedd344a3245c3c8c6a4e25ab1e62d96c641a0c8809ecb73f25424172ca2d132cb641dbd5b62e475a8b1c234a909c2b2cfa13453d9b8f6f97b772131e744cd431a4e9093fb9c16e55b9697d474d29ef2fbca374c124f241249035e4687b645a9e946d60aeb376eee4599916e334b863de85f8e3e7e6a39b2e2687b1abd23327c487374ced5dba91ced8b0406bd644a9d8cfaad98a4eff00fc14cb80b2b18c78437ca326526ac7cded65742dd3a07e38515762b6eb0752f4fa0bb37b6c10c92e8b7ea7f4694033d8cf9a310feee39113af63f546a31e5f7a05093a1961459458dcb225e3a559ff00d6542733458d5ced1518e4ab14bb93c51295eeb7136a4054f4b70fcd15f71f45e42249e741faaac117c4b08bb62159b11884c7741410d278a35da2219c48ad02d51eb1fa82cd70b5727fbfa0b30654bd05f8c549da16db4c88ce46294da17556e1a41cc2b0a71192f544d242cc10546b3027427c10d526e8ee55535b817e13d8cd1bd609be88b427a5a69b8dc168fc122314690af9b80c6abb6a298b35bee21cf34a3a6c5c8a7a7955fbb9136516514bf52024c17a524c3a5defa201ba3a025e8e8c6b4627520da2e8d50258f91cd6e988ade5df77bae09b39f437d0d8d94a5e8a5e8a2869c1cb0c0c7d585e8a5294a5294a5294a5294a63a35f4421084e8a1c4315f6d32d19a58d482dba42359a906dbfadcd4c6b2943d43f4a51b294a5294a5294a5294a5297eba5299232ca2ca1316515d0d350b58436dff2e40d07d49ff074a24e82e23b44f1d076b4421198da9791476b9a8e77341d6a56c1b1b6c25fe4ecd78dba271929745323c5041ae90824999541acbeb33c965a6842758420dd5a85c1d5b71d484117f44756a4ca472fb0a174213a1eb2d71a84fc1102e4a812bba96508a0245b9a667e45d1c9cf6e19515f50ca769cf57314c131ef87adf9e4da7f71e7428eb09a2cc8d758f63da678899cf58312255fa261823cf5707166fea1c692adc906dbdc658cf1688bd67ba4be4159ea3fc8f00f474bf4cd7305a820b89b98cb97b42568cdcc0cc189c0b715b26ff46ab8e5caa189aae781a1815232d3ca058bc8af619b56ca60dc474a2f6caf627998ae08d7a6a1e73ee3df035f6af62f23818722fc40b94ca14615496d8428ecb9e3685c134b818f7e510a1b949cc1dcc3ef218b8fa7a1f96dda1bf5ac6104777e897838341b1e84f9945bf93c8d13a4fa144884210f8a2415dfa08ad31dbb2fe82ab5df7048f2abf431d5571e3a63e27ec7f8dc9778ad2d5993129a7497f97b92de3681dc9a8f8bd5c09574e5ca64dac982c4ff006773fd1dc8d1a56f4189e16bf26afbd68bfc58979184d8050ff5773f64ff004381e8d1392a35e45a17a8faa4f3c535d27c3c9f30634ba8753d7eb1956eedcd59de7c5fecf8d2d3c8cc0060f51672ea535eac181fe4707c0fe8ef895eb83832c14da3bc35360c25c1b9a8389f41a274fd63fcee08f9b75cc36feb0a10b512f03fc356357e0686511db5e9f6f09f43e5394e0ef849ab10a23d06387a1615e0ee1c0eb2763d4556170fe5a0d6e4d51931ab07518a9debf346235656837c9fb257f03f76af80f0fdd8d09d8fd2ac3bfe268c898e16f90f0d1d5193219f95cb225491ad98c4f97acbf816fcd2fe037c8b2dc58eb5a1ee088755727222fd1fc181b11aab4763319a9b153ba954d519611a09b57d451dc7aa324c5387e94630a23d5312342265a57610b11a5748c413d527a99198d6382e694f54991db1caec1a33e5a5760ed360b952ae5b5a829bd4d19e07cfdfd0ed381b3439af419e11a49e137523f78583f7a582f03cb413232b5659e8a229e188fde1646ffcfaefe46fbfaf67f2373ae926b3bf184e31d0cea8d58c426569b4657cbeb53ec38bea4d8c98892acc23068ac7d573a15d0b4fbe95625422fde209b209b0d45305de420619b8d2d268a9f568ea6d42ebb3a3e8cd2b0aabf57fe147d8ff00cb8fb8c317e872ce4736e9c9674565ab1784916dec318c8bc60d539cdec22cf55fea231072d04f7e068cc179134310cf54f666c2f089226a8d943a9fc90c0aa8f9183b981609352da74e0eff008a372e187130d83b82f06cc24d451afcda625459761c7e707432a09e94697723aa07c20ba2b0f7a459498f8970b56f421b86db043483d2bd4dc1785c8e3ad2e592726a65331dfb1a9143706c296b825ba3ee8ec04bdc4c1b6d47b331d893966efac2e689f1d73c91dd2b34eea8564d0ff2f71d6ea46ac4549ee32c69681cc9eb7b2ea65fab2b8832b738683a9a5a8da0bdb0fec32f7802deb752d1fda4fa4997a35031671d7893ec3db7152e9015c722f9629237fba5c8dd23c7732555a9ba14394b0fb1939ab2c7b06d3b9a1aedb83935ae4ff277e9f20d74f55ea3355f77a76a9347fd21066d1445649a7a05f505affcd7a7a99ab94ec4e2ce164f8c2dc148c9adcab588f0e8eaca9424f7f17022b3d360ed0ab4e07d38a619cc4557c8ac6c2dc7f11d09a5cdade59f8ab178014e427545b03d68904c34a3731f5ff719a8a61ee7cf98aa522574e9868628dda7736c4cdec76f44f6136e5635ec8fc38f438b95ca1c2e6f9fa9723b18bca88fbfdd0a385595d3aa1daa971e825b8db34477ff0007021295b146a9f961c8d8dceb66538336a2dc2ded0cdb9177117991772b4ae8d849468367890c06ce9fecdd12299f17145d5a8b8ce7f9c52609e0f5a028e684624bd7528d1dcc5180e8fc334b81a9b9689d1aa207752021505e192c2ba9beed210cd13b77316af0d1fa7d00c3c854af433f1d12e04e09c4d871d130d6c3d5e5763377ab1b6df55317a353608ba2d3bb8d14a24dc2c9df7068c617a847511c4b6a7769b66b2d9c4699bbf405ecf0325ac13d0653bc4907e51008f9c2d38fb5183d5bf40d6e774cf87cafb6ba09a29a2f6cfe24f17f01b1c7fc08635c52586ecfe0dea4998da6986b6dd3fbbe62c9888569918f731e9c5977d7a336a7a338dbfe1d69eb722a2eedfd7e9824efa5ae73d7b05a9b41e478215e7d0ec539d1782f0eb2436c5e0376374858cb511b12ca1bc4a5ab97a370e9b75255c12346a474cad20bf22499737f1e94bf41a9a382300e5e1b5fb8af38f606cff27966b96bf1c68170ee3315c9197fc57277cc5f8e9fd0c8a15451792dd3fa60c69bf8d9bf9a723962ca09ff0033647a97a6e70c223260a4dc0f3ae55114d8429ba261986c87f87b9bd336834b222b55ad87897e9b16f6b1e18bbe606e8364d8d8e8707c35f06302c1e3f02b9e072138dcf1c11b8f8468e70d137cb0319afea968786f844558dfb1a772c118e5bc08ef8df77f30504ced922cafa5b08d415466137cd5a2d696b1cc26da48d9d3ff00d9dcaa8abbdfa6151eaf6165e53f136366558c24e9cd8f921fad2d218d579c35a3e8d19b8163089583e10b7a54355ba05adb2bf70c144b7b89243455f5273e4d10fdd3e514926eb7ec64ccfd51056c3120da1f6c9fede8269a6cc142c72355e305f1951abda11ac0c27f814254e8d4f35db031e6c90ff577fe641474531224372d9accb1d7cfeca1f22f23d0408b75e857dab221d75b7b35c4a26f49f28d7c2e8f7ad0da8d3bea5b8c6cb64cd05586c42a9c6f61d157221445022bb4e819d1e92231d9144db962a4626a8264ea79195da0c5d7974e880cb32a8c7fc5acb913604fa865480faa115e4f61053c4f5089b1b145a646dfec33b9dbc8786d9bb18df2ec42445ab4a3ba6d52669de44f61b29f1e373f764c60337763464036d0b61ccfa5eb4a52f5a5fb17e8a5e8a20ba197d949bd17d0d698317ed7debe8c7d0d47832f44533ac2f43a96852997b19652f5a5297e8a52fd37a5faa97e8a5153490ded8a2c32f60a2f6dc764a6e8ec18596bd368d6b0f760e6575fa1da0dc0901b1816dd81f942d60baf8f4a2368cb1762983f728dc5337f90ba7ef87538cbdcf614b11f559d8ab89e0bdaf713b0c7a1b2912965864fad4e47c22b0a67c4cbbde63d709b62dedb913d041fda3cc11337a8c36b0f513dab0e169467a70bcd29b5fd0e01bd6fd1facaa5932e093cbc189e5336546cb74ae1bd85428e1dcbfcde4d68982446220452bdcccdfcb8c90e8f7ab72a8351d376359cc0c07c8634ad148c9e863279c51c60f6fb986b64f5e85772f3ca7e46421a1534abf62a3d051e9d4ef6888ad73f06e4f682115c8769fbd7d89fd1d5e90184db0e35dccb315f01d6d61b7d2aba4b2635ebf0197a2da2c4ef68912d723624970921a7dcccd2bf07fb3b9fefefd29a4eb38b92d3d445b20f8f490cd94f29d0462c4cd7f26c1b6fa43f9af2e628f4c8dff997a4af4c265516368f8fc4d8d5d4e612aeb60d339be6822f7ec5905b8b4ba9158fb7ab21c8dbd46ac13ee1337026b60c7ef40ffaf74510ca3d84cd0269e824925f88ce81dc7475d9f61c0da531f5b5ba5bc1e1771b3bb55b8c68adca7187f027b7a1536c20b7dd27b12e25047ab5876371b47e83a3ad45d95f1bbd859c0ad05a6ea88e8767da36a2a41a0769e8405c01e4896fc293929fc310c553767b9b16824cf34a6e6e7bd9cd046b3dcf3fc7a5297a5fb6095136fb3094a5294a5294a5294a5294a5fa5724106dd32702fe65294bd340bf6170bf837fe92daef08be84444b02f6fa27f4b3a49d7a8a66dd3a6cbf54eff008bf02fd1273d208ceea61d797d470f6eccdf8b293f88f59ab710b989d1474e120a6c6659eabc4d25b7d74b15b35fbd3a2558d199b2d86b3d4b4fb1b152edde869b728a9e3f408986f6b5c2152d0689eb68d7f296e853130fb493ac75983113b4dd8a6a6c9a551b86f6f3e08c41261b2b6414f67365612de8c3cd6090ab2899ad47be7823d6d4d60854653edfb86535224a5e3c062100d191a961576319a950d1285acba5de572614d9a4f813eaa8d5b8de98890ec7b0da9db31179f5bd8247a20e617d41e5323b1af035cf3ab782a5ad90bf032af3381d869b109319e833f7040f873509db646865c266d4bd18d40bff00ca250f9a9743faa2a2858b6dc1682a3bbff03d399779d16edd227677579147796873e7a15d5ea065f4afa2bb4a5f63e03f43aac37ff20e84b0c6fc33e07a2540cd829baff68822981dc66c5df88ff3f933beec213b60c86af37070ed848a4e8b0f0e77e9c63d60754253e96e1453ca4d51da17c71bf4d6e5bf815749893de11a81117a3be37fb159c1c44a2e487391b4838974aea888a3a46c0ee9c488a7cb1febec241242358a5450b517a1de9b8cfe4da5043e184071afd48c68089cf54e6b34cedafc8843866683bd5a9f247ce7dba5eb4a5125e468d1dbcc513d67ba18d39996c51f4c4c476e5c86ca7ace0d6bbd6c28aef74648f165aa28c3cd2da3ce343623db406109dc69ed9d3054407bb07a5965986b5e12dc6f716ad335fdd13d47c9aad363cf34b6a1b55a1d369458a95646e2c30bdd138b6a4aad57ddcbd97d60f4dd75a6ca605404d846651a342635e4d4f44e3b9a7512b711c4887319d52914fc29235573c8d2bd19a905c2db9a5094b7356077e08fae52eca669d8f8bb0a0add19e0700d0344fdeb248c5de43b2ac9a8fee3d5a6421ebb91f2f1a3cec2213d358b78d6daff00854bd2d5f4249b4cd2d7e84e324294a52fd14a53744e4a6a3388d7a94bf452fd796338c4fbf4d5c7e9f446a2bd52d04d898698e7f0297e9a5116d644689a27a8abb21bd337d85c5c4b1c9d6fb0b9cafe22f3a55fa8e77cb63a375b4b584e7d36f62f01af37855dcb69aff03625afd85b06d36cc5142107d6e351dc6b4ee618ce6fa079ed525b0a6fae42af368f4eb4df61a034063c6a9147d66b286f26a248736635ec237c0517e96fec248e6461a39482ab3f63658d15ab0a864c6dfc06ff0065a6df62e23e7a51d69364cb7a251e83bfb51a6505519904edb70377ef3d87a3bd0a646b18dee123cf25ee3602cba652cae0cbd2636db2152edc7b086f5e9dc62b6968bcff006ed6490494bf528b6c3ac7c703da27bf03a349bdb2cff07733dca7e4435e4ddd1448a1af41ab55316e3d9732117d5a99ea8b7e0cae60fd1a3d8a0c4e88f08e0f56e20e130d28fb3cd5c977f88f22499356bb235c91fa17d324a7c491bed86f15b547fa422363333e558a5dd5113fa9229a6c83d066e44bd8682d05ee7fb3b9f01fb17d715b873f951679cb372a1ab8dd449b2e96dc093b5a56382afab6a9f391b7467ca8a896bfafa4296b6f1f5c99dcfae32b2dc1e449c92b371b9b1bd465e1f3cc40a5b1ee324f91fd66d8fae47ff5a9c8d50fdc639dc265aec3edc8dbf55f7eba1650fe2f7f82416a5e82fc25a19ec73ee3211ffb118ee4f51398ddea310d17c3d0b5adf523e989b6be264d51a438aacd791c03e4d6ce0fa9b520e1b47f7319edc396332dab9d853fe99ec3e8388d0ea75b2da9a2a0d0c46968391616671c3ddd39b4b9e6ab783b3b0b8635df0ac892d37064eceb7b5135a1a7b9c0114cd45934344b2c32674ce0e7b89fa6548c3ff1ec66877b48346567bb193235c8633d2c8dd797d86dae367b0d4dc828327ad77cb2f32aad46f15596d47ca433c343c7de1cc1844fc36469d04c0cd20d11cbd67ce4cf5b3de212caec0f41f7305a35f4ff0081a85d53224a6eb6ff0083ec1518c5ac288b65ff00253819f514c19e5eaf42e495f52c9b0e8d46128cc737506a368ef2382366d5d514a52a208294bff5b5de48dacb5b32fc70e449f76652ad3d2c7e0402739a0f3914caff00f61da45769a3eb179cdb9cc94c6da62ef64cd5d256d1c53e176629353bc0d62b7b0e6cb258a7e447556976f646383c5d28c02e0a334508a77fe92196f107145e1d049dd5bde84fa5a51a9fb07c17ecd10ff4b93e04aca295642e99035ec7fb9c9a2d5a218d8b13fd6e4ff2f93fdfdba733d34035da8e2dccd3f26222b0bd059511c6be881055f45294bff250991a75180f84e197454709a1f826351b464abd4d0ed94d429aa34f8651cdce1e0954bd31e0260714a8c41bdb6cec4f9addce4ed543e48efd14d490cd9b51e8f8b5669726451d8cde18287203f5acafdfebacae982fd023e90a5294bd294bff0033f6858fe4d294a52fd14a5294a52fff00c7dfff00c7bc18ff00f0cf067833c19e0cf067833c19e0cf067833c19e0cf067833c19e0cf067833c19e0cf067833c19e0cf067833c19e0cf067833c19e0cf067833c19e0cf067833c19e0cf067833c19e0cf067833c19e0cf067833c19e0cf067833c19e0cf067833c19e0cf067833c19e0cf067833c19e0cf067833c19e0cf067833c80f203c80f203c80f203c80f203c80f203c80f203c80f203c80f203c80f203c80f203c80f203c80f203c80f203c80f203c80f203c80f203c80f203c80f203c80f203c80f203c80f203c80f203c80f203c80f203c80f203c80f203c80f203c80f203c80f203c80f203c80f203c80f203c80f203c80f203c80f203c80f203c80f203c80f21ffee4afffc4002c1001010100020202020202020105010100011100213110514161207130a1819140b1f050b0d1e1f160c1ffda0008010100013f10ff00df24bf66ad5ef57bd5ecd7ecd7ecd7ecd7ecd7ecd7ecd7ecd7ecd7ecd7ecd6a027fc5444464e6e6666e22aaa0fadbe96fa5beb6fadbe96fa5be96fa9bea6fb8df61bec37d86fb0df71bee37dc6fb0d7ef5fbd7ef5fbd7ecd7ecd7ecd7ecd5ef57bd5ef57bd5ef5ebd7af5ebd7afc0db9f2bd1a5ccf4317147cc8e486a89d8ff1f4fcf34f09e667c4c9a789934f13c4d3c2784fca794f13f1e7f9c4cf698f817fd1372b4190da14ff00232ed7fa24e73e5d0a8a15ef8c369dbc5f26447d47ff006cd24247a71fb1e8315f4b72b39caacafc7a9835f20f2a9baf7e9cafc2e4ecb23e1374f39a69a3a3a69a69e134c9ab57e02699c8e9a7e0268e993f8a69fc934fc401f02ff7a938fd2c299a32f1816f2164b7af609631c2ee7c11ff00bc25c504295c305de7b4d062419e3057f6b9e1a151cfd53358a508411c0f3c64127b3d310cae187aa7a19022ab55c2981a1f80fd3c8ff00c3e07c0f8267c84d3269a69a64d327e334fc268fe334d34d3f09e1b2ab6fd8fb33d430111033ebfc019cde5e8f47f1a261fc7dc6bf0133e42b3959c4c9f809f8838e4f09a69a789a69a789a69a69a69a69a69a69aa285f8df4b7d2fe4000804ec6c83e6d16ff23e03d7eb7eb8fa6fd37e9bf4ce33bf5f3bafe6fdd7c779f39f21f038f81f03e17f28ebf204d3c4c9e49e534fc3abcd58f098afc657c644cde1fbb0305be9df4f841e0742de8643c1fc5cf81d71f25fc09c71f03e04d593c269a64f134f24d3474d34f33c0f003c869e33479c0457a0df33fdec8465f66231fe351b47a2e81934f4d0c1b8d0d0fc0397fdc9c65fc659d1a2e0cc675e82e42813b1cb3e3319d7c0eb8fe0af81c71c4d59326972207d142e993c0c39ec2434d34f0ed424121a69a69a6993c2784d3c1e4c60f019f194b813eb439a6b9cf99ffb46ae4fa0ba6c37d9bbfea65ddef06facc015c8dd739c39bbebf0247128b7a525d04af61952d1f0e98fa7fb0cf51e8499434530405bd2986293d06fb0a89823f7c8333f63819c7d2e70e6e675f347c39b94ef7dfa5666704ec0a6198dd9473964444899f9a7ca265427d847208e0b9b1bbe8d2a170c4be82bbee0080c714ba0570841f940cf89a01574848a56a64c211289be4b643cbc8422390a1780af5893c7431e3ed1cb393918a263bd560abbec5e90dc661b154cedbd2bc94f790cb33fc80e07c06303172be32b18758984fd6cbb2eae7e33547e69bd48335a90549bfaa675805e1f5aab828724b3a19ceb28610ba3d0301cc3bdceb9c6445eae9de45df2b10b4a1012e635a0f5f59fa7a1ecdce39c298c5e89cc8860667dc04bc605e457f6617a3723d9a878dcbbd649818875341aa0072bf2c450d722bf315878b61fe8b8a300850a640e12f1ef2270f07e8623c8872fdfa1cc61aa637318aff675269b0726173125f506725440c32e9beedc254608e898b41e32e80d73ede5c80a1073a1cc2170f1d7b6375207309f7a7ceaca976e1efcdfc6ebaea7883c6bcc6530620681a6fe9b46a09c9795d3f781594b994a350efe89bfbbaa21f0982bb3039a3bba6077e05fd5dedda21e150483db9f6c1f60d6204b7f4fc2f8ac8c8390f0127380b7ce4d6728c695e110c1e5eef078129ff061789815ec35f7073df428b7283b8a26921b0f6263434e001573e1fa6f8546f6d32029d310418c7390dd255f6ddc87cfb988147901f665820c8099fd3f96f3a213fce4b509e8c8b2175d00b9499fd6f07ff435f2fe2babab975d7c1a61b23afaf8c75a5f8207128eff00c81a0c0f5f18c470f66579a663bf798e073b8f9f3fbd7ecfb7007c3d780d09b8d8724cf27a1e06b63a1e7553cbc43d468bca5264ee4e5b9564c0c59cd1ef3a9d7765aaa671f110d5bcf5ef77bf7f8df256733dee6663c1f26e24383038d7b83d0f335c4fbf70313c07c6849a593e77dc013251bec00b8180fc8e42eb2202b0206e1ed9e1206207da1abb1396c20a47c803a0a545037c7c2e04d54c0049f1933d975514d43c72836e74d527a397cbe5e849be0cbc0dca8d57a2bb9077e236ff00039fc0c30c29d6c6609a6326869a7fc19e5fc5eb1832adc1ceb9c993230eea46c1899f22911ce4c9e0e264ce4d19c9e0e3933a787c3a69a7886260e75300fc0cff000b75b05e1f92002ab0cd04f83c3f8307f733f574e7c9cb9da7d26490e1e262603b85517a7ad3c49e1f2e738e38f81c7133900f85d7821e1d34c9e134f24d34d32698d06258cf175d4d7f0132040b780312043bcb00ec61445726bcee4342535c141095d2d2150c0cee5d305baa5cd95d6e2da03ae97f58820b83db3a101ef2280bbd33b39350201c8c0145239ff7e0f3972938ec9d2e2fc7b60e5a3ce0d81d47e300d662f8f0a9eb3b87255074931d5254c639f9c75521167accbb3c528cd88a720f91dcc720625d0911ac57d5354d4f7154bd32dc8575b65ceb83e9ef155d1e9a3deefe52cf8390d0fa417d6a6f33475c5c186ac7d9d35c74cf179ce9293016be2f8b6e191a03f9a784d34f21f7817498f6643e747e19f79bee31ef33ed31cb185f26519ecc5b20b500503d38ae93d2341e41cf52b66e40c4fad39ffacc71fde674e36be8664c0fcb977f6753fe567cef81b84aeb7245fbff00fccdbae5efed37fdfc81822f6860d74f761ce011382ad0307153dcb841f1ff0069a2ce4dc9708d1e8d75ba9c72869b89ecae7c0341f79cb2091829c2bb62b8259046e5afedf2bfbf17e80c0dc24c0b324ded3ae2cb47537b3bc47a0e4f4acee61c7545a353704c6663dcfdfe4f99a784d3c88067ef932def3eccfbf7dbbedce3bcbfce6d93c3f0ae1e854235bf277270dfe5c35256548e71807360a5a613f7a42d44171a72a735ae3503c62388ad7819a4d921c88b1b2ba5c6c6554c0c3b015a5c28147bf972911d0feb17667cb8ac29a382285aba671fc9d4c8d4c22f3822101dc6e92f82b16e1fb8de7983dc9317165c0ec91c5d9e02bcae3007a614cfb37a0c9b9705d72e6c3887d663f008b8a0b00aee62af088e2cbce1d734f6d34bace1e7e472aa0659f16f4e6a1fe049725ccefd1c01ba8b3f4ca4e2ce3bc5c6e66097713ff591520fb4739f2d78527c61f833933a94587f6e383e572eb975d75d75d75d7019f767d996f9cbf0be2f85c8f6172dd5aee1f3a1f387d307d65f17f96fb9bef66e9a8755ce4d9004b83e177264d0cd72fc8e1544339bb1aa5d70517329c27631f373e23a100f7e40edd2f0bbdf3ae3e371d358208a7bd18bb9026311f83a573e275797e771fe4e7943c09a69e472b5795f21debca6bfc49721bb97761eb77311a59cc37994ab7f3123192726678ce28693973e45f15ebcbd7af2f2f5e7c6ede5eacbd5ababaebaebf8005e213c14f8cfa32f1e6a1e01571ab654abff002d9777da2655c1e725c8f8739cdcf973f836f86ff13f8d5eb33e30fe37d1e52197d1ae88913d39d55afb5735aa1181ce634b2a77cda8f7b21ff243e2b197e181f4eb67618eb2ee227a3c7984ce38f5bef00f4e4c99fad51116b3e04d0c8c8d183101bb6e2dbc7bf267c0d3141b34cc3f78b669a69a69a1e20639630d290c57c2f7f8b3308f5a98df1116827783d2b65d1ef5a7b1fa1e020c6ebb2daa8ed0771e77f2bacb77390b44fbdcaadc1249bfc4d5a32610e8d71d5e4a3fb62d9fdadd5b156eff001abf78de026f5f1a8193efaea57df24ea33ffae6c03785711ce8d05c339bc7de7f649538201aefa27192c97567fa709f4e5f4d3e643e718eef9d269afd87de0183d224fd98c693e31cba37bdec5158e91f1572264317d8c3123de25d1d1fbec4e48841f5b8a975c741c511d3f1c99cfa0ab4ddea2ddf0c7a1499136a2d3390b0b887f6f8d30afb1ceba7d91fa2b769a8862a50e092376cad710595bae524ce2bf5f05e81a8e8a7631432c91b68efa33489768ee89f34d23041c3febed17569e134d315c381a303c1e578f39eb96ef7a0ff00bc036600fcd7fa269b4a503998dd4cafb75d0563dafe1c3430e23ef1b0eada2647f8b9fd26881d2389c9b31bf918ff00d9d31bfaf55d8b105dfa788ff79ace8df0d1d9797eb1e874825533eacf226ce4e14f8dfd4c303edbff00c5fbe68ff6d5f202beae672e762c4b9e2d74c19413e0f1fd1a0598c379088e7043ae80f2b3df18dffc9e1b96e4e7870629703cc84866b15718a175e8fc061feaf637733f65a75ce718f337b6bbcf084c987edc6743113950ebe03ce2163653ae27c3ab6d82e4b3f1c18064ee850921737719cfc2c9147c3a789a63ce0c18c326f8cf02ae5b31d1511dc5ec0b647c571be9803fadeb7ca8078d8f5bed7fbff63946ad9597a2e6d3396b9fb35067d217da62f651007da77becb4dff61bb806c4fdcb827d9dff00f11942d4b4ff00e81bb88115fea39d6a98965e8b850a74c2ff00264ed5680afbedaf74eb1bed31023d42e5eeeea6a814ff0079a52353ff00c46895869ffd233e32a436cd1cec6786f71e9f17be9861cda073930ddf8ea0fd9304e327157a6614ed8185f80779fe0dfdd0062d3cc009fabbbb6700fd868ba08dc7e97705812a8fd5c16db100fd830527981ebf7350dd421c7003e5ff00c1776c21bafd2e1cf905587a2eebf394dfee6eef9c28cb8e3dd6ff00d66cb0de60f71dd959a5fd03bbb807fe80ee51adadf9fb9a6c1b6b7e7ee6fb66a17fb374e90ac7ed933f64ec07fa37a10d2dcfddc213d5affe6b5015db7a66d2a3ca9eb7dcbedfec37440187ec75cbe1a4f68b8f271814bfb99f13f183a53130e33b872de6746b480e557708ad1c63e6b720ad1edfe48f96003970de6b87bb2cf8b4a1132805bbb5a82f34db63519e443a39ff0046ebb7e2b9959f2e4323538070f28a8072e712c8329999ce73ac8a1633db269e1f08698561cb19ede667f839b7163070eef243d3c6433b7c10f60d3092ee122f381a2f6e5acccd8ff34519b3436c17d61a17c88b854035f774ae115207230a9134739e6cc4dcdebf200b49599c363d5c30c2c2617111e236c987b1e444d8675debae73fa2eec1c922270c4e6eb78c307363fb354540f90f6dcea97eeb663d9403e71966dbcc0aa1fad2f835439e0d0585ad2605bf2e831c64a0b4d27ae993851d600e7968458a1e8cd0851a133ed251a7d82875daf95063d6297b1dc90ea2a6016444d0ba300a5e175ddb0073e84cee18a1ddf0d278f592cbcd1a932291f8dfd463545066c3d0a986496b00ebb8f87c5eddb8c284e0f91715e35e73afbd93660b31fd34470633b0985c5789aaa3e2ff038f843c05ca4652e878f242df9e57b390df97e3a53432fef0768fbe4dde111d6d79e1db20ec4b13ed68c5419f722d77b9a9d06a723ae3d58e5dff83f5dce729cee537e9a091149bdf06e58e9529c4ba06c5f43833bdfdf6372848b772dff00d5e0d7914c01172fdae72999472a9765cdc52c43160a07667e93206f78c62e2c4e7df5afc934a6a894dda2fc661a922f4a6098952af667163cc647c9070f39470ba992f6771cf1142ddc5e638cc9dd338003e32a8e7d34e33881d1ff006e84cc3be90e59a0e7a735cfeacc24e0e1654c53b82f2b26b9a36e395d2343a2073f391807e997d0d476eab71d9c13de30fc57f1b34b701e229d06a9c6cf84d6d83b458c48c47364a4d7fd78b71b16ae61db77068e345ab62be30ba1010dc3fd428e1f240ac75736568e1925104787d65f698b482e7d3cb3c116cd0873570f10ecbc59d7d28e278e35e6d703270cc5d246758d414041f334b5230e6d67e9ca9803f42e62a980c69d3e880c534a08199a46047721a23d8654c444308ba82d2175cccbbe5d1741c3a208843179127ab1c4515072c646202f3860448081d1f824130eaeab92873d2dd1f94c4345bc14898892b21e0e84ed6c3925d765cbc3604a5e3efda01a5c409030fdb88e5c01303f99249393d920ccf1a00c3a5bf7eebc264f8201ace5692dca79553a8d3b09062c8b5958f289ed18fcdf2b9e9268b8cc6b2e685b891ff84150cd1a2a3aeb95d757f173e172e96ae59d7c2e7afc5f0ebe1c2b2620530ae1a810f0e7cb9fc9f371907c00eb86324a699843644c7c44c12c4baa1691f5599ae97444b18abaae4f05144906332013eea792b9238e0df6b131f8d4bf17005ebc5f37aa830e967c6168facaf38b27758e85bd7e9d72f1ab93dc339eb1817072e713e2cfc8ddfb086735cad24d5736f4224b219061897861810067390076b37183e6978ce356177d54cbb80d0ce7c3e2f8bf8bf83f82ebe2698a3e002630e88c86374471fbf21cbc01ff00905e35040a6f3b3135793d1cb9c88c31a77f9b55f6a8bfb4f00b217f7fb866fae932ccb2118c14b7ceaa3bf34dc1ad7b5c0d29146f9330755fb3560f0dd995b58f2731eca6fc0e71dce0358ff61331f609f082a825e0edba82283ef1121d477264e63cea52f57097a4d240428e1adf13b30594ec241f5095c8a94bfab9cd5502e32fdcb2eb1c9f15a3b2658d8e35203d98cc46476661aa35f0ec572df62872a8bfbbbbd7c6537518e017a3c1d73e1f0f85cbaf9be2f95fc05bae432264f07065e47e8e5ce6240b9b1f62fd34cd128059d56273b02488e70e5400a0e11dfdadfe9e427268893c1cad85f3138a0667ba645e51248ccb6575578cb2c3a9770ca28e617fa9820e89b871c0bcebc86139edcb9d7dba6eb683ef89d12972aec589534d88f61cf03840e4e32ff7ff00d77f7d9c8e4f877a325f438de8684e299f0ffeec0ee282717d7cb77f4cd5ce83da7297515c23090709998c396326e8a9fefa61213e2e39dd1d0e8ddeb35ba1e202e575d75cbaebaebe2eb975f175f175c4c63c0b9b03572c1e80eccd7f617b7189e28f21adab960593ded14bfacf39bf60cf27b35f04d91c55bb6ba4f08ca6bbc98b5e47719dadd78d9bafdac0e32bf0765f588fc30930002e85e329fbd478377c98fa30810755849590f4623f10aef02601a380e9477932ab00539032ff00160e5cc3732c48bd9ba11cfd67549b3a748c3c7505e1b9809a97c1cc9afb2ee84194b1822f171f4c05c9d563fe4c1ed881b03dccd51383417746092deba869bb8bcca65717b1b9da33b89814502559f5a28c6ce7e0cbd7c0bd6197c175ce3e45d7c972ebae5f17c29ae1f298ea1a5814cc23fc35a8cf47e15960bc29b85c7e033869419ef4f9edd0b9c4e0f7beece2aa05725444c16a3faf0ea850edced604540f4a671d24a243bc29015ca14447c2eb9c71f02e572eaf25d75d7c29e17c5d75c782ebaf924155601ab4e68ccea0a015c8f7a0ca671d112e338142ce632bf09ecd502d4f0313e560975b67c1dfd5a9b43e75ba4a72338c3e2f061c7d63de20cb5df4bc161b60c71a4a38eb62874a3049369a18088c4726092a0eb7d3559098a4e76470600a2501de5ca1e20ecd061c48b06fb775f1e8a610aaa13f196c5ac30e4e293de6c420175af627cee664425afdb1e3f1944780ce7b3079e87c071a9c2f82e72d7a872f0c56a6b8235cdeb587d990a63428e88abb3d749929ff0003313fe170612ba503de72ebaeb9fe0bfc4781f134c51d0bada196e67095b829d436e472e7c6f4f177e3cf8a185989be716d39b760aeaaee7e0c8e1dbc7054d3585b95cbe9946e59f8fe9c221ac790c5cc3fe8cae90ffb5372de654c24b1c16287feb530e503510c94fd31f7557e8073c35a3895c3127e8f0fcaa3e50c6f7ef594cae6441d3a764c6729cb2459e7381c5ca99e8b930c5bc41f4bf2485cbc1133a8b0653a1b840f4ffe9bff0017e9e2cba0e8f9a10c8841a3bdd3aa728e97ae03fa31962689ec304604ff0078517fcae6672ae9ae947d879cf09a69e669934d34f134d3ccf375f175d7c0772f3df619cbf08fcf1a7d0f9779935bd35ccedeee5f8f077bc1c770ed4c3345c579e4be8f764cabc343bbca212005deed0aa1132e093e612b52791be3a0c7511b847a5e755c8ce07003c22ce9516a4fbcaff4f68dc98503a92619f2dd35020e2a54783cc3414d0ce9ce15b065acf1f0794fa8681f67175338f99b24431e3b53f9cb193e1f5800308f8a3739e1dfc77658b63c2def29eca6a6a293e72b722f6907bc6333444e4e9cf9937ffb0dc796a1db3216b9ee396587df2366789a9282860f938a87360e58aebf83e18fe0cdc4f2f99a69e269f85c3e02c782f80ee6f18bf81106a877867ce17bcbd594ebcad5af2ff06f9afe02f9ef92e2ebe2e0d28834397a70da106e8b3e2ebaebf82ebf95fe11d7f10bb93d05fc12ddc3c57575757cdd72eaf8baebaf85d72ebe175cf8be1757c5cebff197f28e0773af181555d4bb9a6f21ee33c8543124af215790c14d3c4d31293fa85613f17133bc0caf8f5dcb5791f7532b12378dc4f0bb287d2be26624924e2d5cdcd59ba4d0b8f5b2f8269a68e9934cf84c991dcf89e269e39231fec59bd51bd8c4a4878ecb8c4611c677e1c4cea90839114f01ce2c1cde4fe6e9a69e132807cb9a19bac6a88f4f8feef37fc97a46baea1174615d55ad040ca5ba67d53a6c272d32e46fc5fd5cbedaf5281dc49a94c8e76e39c0c2ab6ccb0fb458c0082731d15f605d4ff7ca8982a1683973298f6efa4c4d6d2451d6d0a34f5a0fc461e67f3afebbff00de66f5b618f5867446277c1cd213266b41654c2c45e5c4ccee1d258c13dd5c9ad740b72f39eb4c0d082acd459d7953546b159ab1018ceea47952f0772bce43f6ccd101b985ce590d8e5f4ca12cd59be80f5a63243556e99e1c5e9da9f9c56ab3c3984430521f2ecd74bdbe23c485ed32a4ccea7f6dca3ac9305bac3efce0d72897a1cf9649e49f2d7a8f7db1625352bf91f067f1a6b94afd1bfc57c50f9830fb306930f55e3ef973739e17b01dcb77f2c36677a4b7ff00d3710ebce2271ad3f7e7b07a1c513de1e097f519f376c55d77ecf2cbca45fa7831a8832bdb72d598aa99b8d71abb399d0d2c8f1ea297e01941364540bb73887f01035b98bb396034992e2b8c0783034960a10bd4ba6100f9c9090ce6f57ff138dbabf2344e5e425084b015c141780308f91fa71f58befaa78f2ff6db7f6e4feee9e3d6935e621d71c91812744196b217f77c5993215f81350427ed40663b7fbee616b1037e5d34d5ec3944a0ce3f9859f0675f20ebf83556355137b7c2fb6e9a28f1ca5da377c8e11ee21dd0959a4d405d6eb4da94450fd6e8108f1c193a5bc70211ce006b3c1ca49ebb8edc053c6022e20366fea8d634eb446f0ce3f1b9001488c8877c27f4ae5cab794fdb73f69b05cf57459e43327b5468f09bd00a46e8b90f1c1f929fe8b81d96036efd3d67c3b91fe882f843059bd1ceafeae268c118fab9c4984a497de0d31110fdf7c16ea82cb82b33147371521219e78ea0b93b92c62115185cff003c35ee3a1fbe4b2702069ae43dbb8c9f03c43249a32f634a66f28266ce57bc38e238f3654ce4595eeef7c9febac5fb865b85024d4c3ca98fdff174ed270c8fe93c99fc5f175d75d75d75c3af82b735bb3f0eebf0050fc1c91d12bf972ebae7c15922c7eae3c0a802aeb07a5813c975d75785d72ebe2e2805577d612135cc2327c0b9a790d01d1497575ce473d05cc86ec02a678d7575d7cbe2fe425f0b754c3af85688471f6ba22c55bbc9a70d35887a1f66092f7fc779453e774f9375cbe5eaa3b9fcd9efe6dd1e2725c9dc3137fa67e79f0fc99d2df238467cd0e4b84cf9cd3f67180857da6e61289e8c1fe7e7e4c837eef83267fbfb3159cac24c78c69ce31bb364f26e0fdeccce1a5f1850dd83b2ee4e5bf4695903f63846806aab8204ab1ae2d7383e74faf9cbdde68f9c45f2cabe7348528fc83d19e0ee67b31bb3e470a66caf217098c48ee9ca8cc61f3a6e0fc682fbd7ba70832b050d1130390bc73c9510172151c2e99839ddd8e83f6d8007180db9cbe6e3b6703d33b06c742abef714d66f76c0b892ae758729a8d6f595a84475b2052f499d7f17c57c03e591f9c47bc3fce07bf0bae73c33ff00b3d7f0c1349bf1e72a51863c6eff00a3ff006ee13bff004cc9e7c3d23f7e1368218b37817fceac0b112bdd4d7653b0e2eaa6ad3036a14b7167773f50e3f055f836a65eca386433cd0b0cb88ce2df9ba0e2bd726fbb8c88f379a703e0888abf95699d40af6ee3a12facdb8256e19e751f5f32e2c04ea5ee35dfdc438b5acf7a43bff03ebe0a10ed6658611771fbd4c17a0d183e7157458626a3ef12e6e0761f4612d05fd2c89639f55cb405ce0a3ef1156f59ef9d1b1be4b918752bbce0180bbfb4b72a5901b227531b20b66eb3fbed7ee33b373b895d8b92e284f3a2a0d6c5019791fb648b9f17cb9fc2baf81703d380f9f08786457fd8b28137f58c96cc3db29754c2b37a2eb5d839fb86ce467676b8b9ab5cb3d2e2bbcc90ac32b337f1547a9ce145e334aa3f1ce1b8bd69aae29a982d4a61c40e12bad9891534ddc9cff7d95a3c74539ef77b31719c5b7d194ce814f80d016bf90c566b5cdb92f475e9984bae1d79b2ca33aebbc87bb272df0132e0343b0712ec51d30805403e4390604217e1c91a9d28bb77a03addc86094f59cc475e687442b1842d4cecd44b92fd50c7dc27a2346b120448e7b5766479e576dc0468c4cad96f3851ebe358676d3a638c6fdd19056c9132b5452761ea6425d1d6985db19d94ca6ae87089943d38657f3839bd8c2cf13cb1845144e427fe80e62e35f16ad2eb26fb015fc27874f3ce8e8ee7f0eee52ed94087e0af327e334d7575ff9b10661f46af33879372815d1587ab7c5b9c4c7bae7a76d7d40a642189ffb3934d3be03a390697e725f3a1e20a79175fcee7f27ccfca7fcd72a507edc5680275c91e2edf04cacaabd76a1be04c071478f3833d195bac4210e01a61be5e4f23b9898e9c27f2f78af6bb8157f9f66f4402add357457f2465826aea8cdc4e01e00668eb9edcb2a4b5a1b1ff6ea98097ee4eea1317b894dc7c39f6e3dfbdf8068653474c4fcdfc2fe69f93ff14b3032d2ab252c99277dbda4c37ca844996aff000371259e30c8acf2ddea931cf07bbc89df22c50dff009af5dcf4787fe4ede038eeedb62357eceb7fed840b5beb9cf0d257627e2a9f38f66a7e08f006bae1bfc37f2baff13fc8e60643e132a367c18cda12d09352639a03b87914e079686e2b7a0dd2de7e20e0cdfc2a7a4c1a08980e0cbf4d8c1c595c801471851d60819eca606146e395f538169089a2ae3722450d30e251c079622e9b039c7d6c6780a6111d8addc23eb8dc688e10f26b3c37f6aafe55c7bb1aac319064efa61ea1e06468fc415f88be6ffe91c2ec2f27f4ff00915d5ab0b38f8af8af856af23e457f1be2ff00ead7fe00e8d4d7ff00e4a69a69a69a69a69a69a69a69a69a69a69a69a69a69a69a69a69a69a69a69a69a69a69a69a69a69a69a69a69a69a69a69a69a69a69a69a69ffbf7b77ef7bdef7bdef7bdef7bdef7bdef7bdef7bdef7bdef7bdef7bdef7bdef7bdef7bdef7bdef7bdef7bdef7bdef7bdef7f3cf3cf3cf3cf3cf3cf3cf3cf3cf3cf3cf3cf3cf3cf3cf3cf3cf3cf3cf3cf3cf3cf3cf3cf3cf3cf3cf3cf3cf3cf3cf3cf3cf3cf3cf3cf3cf3cffd9, '2020-09-30 03:56:10');
INSERT INTO `account` (`id`, `username`, `telpon`, `email`, `profil`, `online`) VALUES
(9, 'pengguna baru', '088888888188', 'coba@gmail.com', '', '2020-10-15 04:28:57'),
(13, 'muklis anwar', '09182923', 'apalah@jadinya.com', NULL, '2020-10-14 05:29:28');

-- --------------------------------------------------------

--
-- Struktur dari tabel `chats`
--

CREATE TABLE `chats` (
  `id` int(11) NOT NULL,
  `tgl` datetime DEFAULT NULL,
  `dialog` int(255) NOT NULL,
  `pengirim` int(11) NOT NULL,
  `pesan` text NOT NULL,
  `dibaca` tinyint(1) NOT NULL DEFAULT 0,
  `tipe` int(1) NOT NULL DEFAULT 0
) ENGINE=InnoDB DEFAULT CHARSET=utf8mb4;

--
-- Dumping data untuk tabel `chats`
--

INSERT INTO `chats` (`id`, `tgl`, `dialog`, `pengirim`, `pesan`, `dibaca`, `tipe`) VALUES
(22, '2020-08-24 06:35:05', 1, 2, 'bruhh', 1, 0),
(23, '2020-09-06 06:36:18', 1, 2, 'hah', 1, 0),
(24, '2020-09-06 11:42:22', 1, 2, 'bruh', 1, 0),
(25, '2020-09-06 11:44:24', 1, 3, 'bruhh', 1, 0),
(26, '2020-09-08 04:47:22', 6, 9, 'coba', 1, 0),
(27, '2020-09-08 04:47:34', 6, 9, 'tes 123', 1, 0),
(28, '2020-09-08 04:48:45', 6, 2, 'hallo!', 1, 0),
(30, '2020-09-09 11:36:39', 3, 2, '......', 1, 0),
(31, '2020-09-09 11:36:58', 4, 2, 'haai', 1, 0),
(32, '2020-09-09 11:45:30', 3, 4, 'halo', 1, 0),
(39, '2020-09-09 17:00:12', 6, 2, 'test', 1, 0),
(43, '2020-09-11 12:39:56', 4, 2, 'woi!', 1, 0),
(44, '2020-09-11 12:58:02', 4, 8, 'apa?', 1, 0),
(45, '2020-09-11 14:36:11', 1, 2, 'yah......', 0, 0),
(46, '2020-09-11 14:36:32', 1, 2, 'jadi gak?', 0, 0),
(47, '2020-09-11 15:08:17', 3, 2, 'p', 1, 0),
(48, '2020-09-11 15:59:27', 4, 2, 'p', 1, 0),
(50, '2020-09-11 16:13:50', 6, 2, '50.png', 1, 1),
(51, '2020-09-11 16:25:19', 6, 2, 'wkwkwkwk', 1, 0),
(55, '2020-09-11 18:36:38', 3, 2, '53.png', 1, 1),
(59, '2020-09-11 21:09:22', 5, 4, 'halo!', 1, 0),
(61, '2020-09-11 21:10:27', 3, 2, '61.mp3', 1, 2),
(64, '2020-09-11 21:50:26', 6, 2, '63.mp3', 1, 2),
(65, '2020-09-14 12:05:35', 6, 9, 'cek', 1, 0),
(69, '2020-09-20 14:05:31', 3, 4, '6667certificate progate.pdf', 1, 3),
(71, '2020-09-20 14:10:39', 5, 4, '70.png', 0, 1),
(74, '2020-09-20 14:27:00', 6, 9, '72.png', 1, 1),
(77, '2020-09-20 14:29:38', 6, 9, '77List_Peserta_VIERA-2020-08-31-90644336.xlsx', 1, 3),
(78, '2020-09-20 14:30:19', 6, 2, '78Powerpoint rpl.pptx', 1, 3),
(79, '2020-09-20 14:30:32', 6, 2, 'ok', 1, 0),
(84, '2020-09-20 15:59:51', 6, 2, 'smile5.png', 1, 4),
(85, '2020-09-20 16:15:10', 3, 2, 'smile5.png', 1, 4),
(92, '2020-09-20 16:39:41', 6, 2, 'wkwkwkwk', 1, 0),
(94, '2020-09-20 17:19:20', 1, 2, '93Simdig Faatih.docx', 0, 3),
(95, '2020-09-28 08:42:56', 6, 9, 'angry3.png', 1, 4),
(96, '2020-09-23 08:42:57', 6, 9, 'angry3.png', 1, 4),
(97, '2020-09-30 19:51:43', 3, 2, 'p', 1, 0),
(98, '2020-09-28 19:52:56', 3, 2, 'pp', 1, 0),
(99, '2020-09-23 19:53:00', 3, 2, 'p', 1, 0),
(100, '2020-09-30 19:53:03', 3, 2, 'p', 1, 0),
(101, '2020-09-30 19:55:50', 3, 4, 'knp', 1, 0),
(102, '2020-09-30 20:58:28', 6, 2, '?', 1, 0),
(103, '2020-09-30 20:59:10', 6, 2, 'ada apa kok marah?', 1, 0),
(104, '2020-09-30 21:49:00', 6, 2, 'lol1.png', 1, 4),
(105, '2020-09-30 21:49:17', 6, 9, 'gajadi', 1, 0),
(106, '2020-09-30 21:49:29', 6, 2, 'ok', 1, 0),
(107, '2020-09-30 21:54:00', 6, 2, 'p', 1, 0),
(108, '2020-09-30 21:54:24', 6, 9, 'iy', 1, 0),
(109, '2020-09-30 21:55:21', 6, 2, 'wkwkwk ', 1, 0),
(111, '2020-09-30 22:01:04', 3, 4, 'gpp', 1, 0),
(112, '2020-10-01 12:15:55', 1, 2, 'p', 0, 0),
(113, '2020-10-01 12:48:31', 1, 2, 'sleeping.png', 0, 4),
(114, '2020-10-01 12:49:08', 3, 2, 'p', 1, 0),
(115, '2020-10-05 12:04:04', 3, 2, 'p', 1, 0),
(116, '2020-10-13 16:02:22', 3, 2, 'p', 1, 0),
(117, '2020-10-13 16:06:22', 3, 2, 'focus.png', 1, 4),
(119, '2020-10-13 18:23:04', 6, 2, 'wkwkwk', 1, 0),
(120, '2020-10-13 18:30:22', 3, 2, 'ga di bales2', 1, 0),
(121, '2020-10-13 18:31:32', 3, 4, 'knp?', 1, 0),
(122, '2020-10-13 18:31:46', 3, 2, 'yay, online  wkwkwkwk', 1, 0),
(123, '2020-10-13 18:32:26', 3, 2, 'gimana projeknya?', 1, 0),
(124, '2020-10-13 18:32:34', 3, 4, 'lancar', 1, 0),
(125, '2020-10-13 20:09:16', 6, 2, '125.png', 1, 1),
(127, '2020-10-13 20:20:31', 7, 4, 'halo', 1, 0),
(128, '2020-10-13 20:21:23', 7, 9, 'hai', 0, 0),
(129, '2020-10-13 20:21:26', 7, 9, 'smile5.png', 0, 4),
(130, '2020-10-13 20:31:55', 3, 2, 'bagus lah wkwkwk', 0, 0),
(131, '2020-10-13 20:32:37', 4, 2, 'liat dah ni gambar', 0, 0),
(132, '2020-10-13 20:32:48', 4, 2, '132.png', 0, 1),
(134, '2020-10-14 12:27:02', 8, 13, 'hai, gw juga udh masuk nih', 0, 0),
(135, '2020-10-14 12:36:49', 4, 2, 'ini logo ngebikin web lho', 0, 0),
(136, '2020-10-15 10:55:31', 4, 2, 'yah... kacang', 0, 0),
(137, '2020-10-15 11:21:21', 6, 2, '137menu.svg', 1, 3),
(138, '2020-10-15 11:27:07', 6, 9, '?', 1, 0),
(139, '2020-10-15 13:22:13', 6, 2, 'cuma ngetes', 0, 0);

-- --------------------------------------------------------

--
-- Struktur dari tabel `dialog`
--

CREATE TABLE `dialog` (
  `id` int(255) NOT NULL,
  `sub1` int(11) NOT NULL,
  `sub2` int(11) NOT NULL,
  `lastchat` timestamp NOT NULL DEFAULT current_timestamp() ON UPDATE current_timestamp()
) ENGINE=InnoDB DEFAULT CHARSET=utf8mb4;

--
-- Dumping data untuk tabel `dialog`
--

INSERT INTO `dialog` (`id`, `sub1`, `sub2`, `lastchat`) VALUES
(1, 3, 2, '2020-10-01 05:48:31'),
(3, 2, 4, '2020-10-13 13:31:55'),
(4, 8, 2, '2020-10-15 03:55:31'),
(5, 8, 4, '2020-09-20 07:10:39'),
(6, 9, 2, '2020-10-15 06:22:13'),
(7, 4, 9, '2020-10-13 13:21:26'),
(8, 13, 8, '2020-10-14 05:27:02');

-- --------------------------------------------------------

--
-- Struktur dari tabel `passbank`
--

CREATE TABLE `passbank` (
  `no` int(11) NOT NULL,
  `id` int(11) NOT NULL,
  `password` varchar(255) NOT NULL
) ENGINE=InnoDB DEFAULT CHARSET=utf8mb4;

--
-- Dumping data untuk tabel `passbank`
--

INSERT INTO `passbank` (`no`, `id`, `password`) VALUES
(2, 2, 'f5d1278e8109edd94e1e4197e04873b9'),
(3, 3, 'c3ec0f7b054e729c5a716c8125839829'),
(4, 4, '3df44a7c37bd813163d313d4dd107c84'),
(5, 5, '7215ee9c7d9dc229d2921a40e899ec5f'),
(6, 2, 'f5d1278e8109edd94e1e4197e04873b9'),
(8, 8, '0b4e7a0e5fe84ad35fb5f95b9ceeac79'),
(9, 9, '25d55ad283aa400af464c76d713c07ad'),
(10, 13, 'bb6c961d77919369ae66a5249fe0f173');

--
-- Indexes for dumped tables
--

--
-- Indeks untuk tabel `account`
--
ALTER TABLE `account`
  ADD PRIMARY KEY (`id`);

--
-- Indeks untuk tabel `chats`
--
ALTER TABLE `chats`
  ADD PRIMARY KEY (`id`),
  ADD KEY `pengirim` (`pengirim`);

--
-- Indeks untuk tabel `dialog`
--
ALTER TABLE `dialog`
  ADD PRIMARY KEY (`id`);

--
-- Indeks untuk tabel `passbank`
--
ALTER TABLE `passbank`
  ADD PRIMARY KEY (`no`);

--
-- AUTO_INCREMENT untuk tabel yang dibuang
--

--
-- AUTO_INCREMENT untuk tabel `account`
--
ALTER TABLE `account`
  MODIFY `id` int(11) NOT NULL AUTO_INCREMENT, AUTO_INCREMENT=14;

--
-- AUTO_INCREMENT untuk tabel `chats`
--
ALTER TABLE `chats`
  MODIFY `id` int(11) NOT NULL AUTO_INCREMENT, AUTO_INCREMENT=140;

--
-- AUTO_INCREMENT untuk tabel `dialog`
--
ALTER TABLE `dialog`
  MODIFY `id` int(255) NOT NULL AUTO_INCREMENT, AUTO_INCREMENT=9;

--
-- AUTO_INCREMENT untuk tabel `passbank`
--
ALTER TABLE `passbank`
  MODIFY `no` int(11) NOT NULL AUTO_INCREMENT, AUTO_INCREMENT=11;

--
-- Ketidakleluasaan untuk tabel pelimpahan (Dumped Tables)
--

--
-- Ketidakleluasaan untuk tabel `chats`
--
ALTER TABLE `chats`
  ADD CONSTRAINT `chats_ibfk_1` FOREIGN KEY (`pengirim`) REFERENCES `account` (`id`) ON DELETE CASCADE ON UPDATE CASCADE,
  ADD CONSTRAINT `chats_ibfk_2` FOREIGN KEY (`pengirim`) REFERENCES `account` (`id`) ON DELETE CASCADE ON UPDATE CASCADE,
  ADD CONSTRAINT `chats_ibfk_3` FOREIGN KEY (`pengirim`) REFERENCES `account` (`id`) ON DELETE CASCADE ON UPDATE CASCADE;
COMMIT;

/*!40101 SET CHARACTER_SET_CLIENT=@OLD_CHARACTER_SET_CLIENT */;
/*!40101 SET CHARACTER_SET_RESULTS=@OLD_CHARACTER_SET_RESULTS */;
/*!40101 SET COLLATION_CONNECTION=@OLD_COLLATION_CONNECTION */;
